Date,Open,High,Low,Close,Volume,Dividends,Stock Splits,Capital Gains,Ticker,GDP,DGS10,FEDFUNDS
2024-02-14 00:00:00-05:00,490.4982513760117,492.7493743759692,488.13850583834426,492.2557067871094,68387800,0.0,0.0,0.0,SPY,29179.06925,4.207959999999999,5.1433333333333335
2024-02-15 00:00:00-05:00,492.9665773037757,495.83972621663327,492.48276258935323,495.6521301269531,61683000,0.0,0.0,0.0,SPY,29179.06925,4.207959999999999,5.1433333333333335
2024-02-16 00:00:00-05:00,495.34607383636717,496.5012391281759,492.43342299130546,493.1838073730469,75461200,0.0,0.0,0.0,SPY,29179.06925,4.207959999999999,5.1433333333333335
2024-02-20 00:00:00-05:00,491.41646125471414,492.0977249314427,488.18788610101467,490.4686279296875,71736700,0.0,0.0,0.0,SPY,29179.06925,4.207959999999999,5.1433333333333335
2024-02-21 00:00:00-05:00,489.145594603093,491.0708800721909,487.3091355509302,490.91290283203125,59603800,0.0,0.0,0.0,SPY,29179.06925,4.207959999999999,5.1433333333333335
2024-02-22 00:00:00-05:00,497.62678089180014,502.05002292256637,496.6492986389385,501.07257080078125,76402500,0.0,0.0,0.0,SPY,29179.06925,4.207959999999999,5.1433333333333335
2024-02-23 00:00:00-05:00,502.8201814697373,503.66930540147666,500.67768098039136,501.4181823730469,61321800,0.0,0.0,0.0,SPY,29179.06925,4.207959999999999,5.1433333333333335
2024-02-26 00:00:00-05:00,501.86246796599994,502.3067808565356,499.45336767779384,499.58172607421875,50386700,0.0,0.0,0.0,SPY,29179.06925,4.207959999999999,5.1433333333333335
2024-02-27 00:00:00-05:00,500.2827588476133,500.7369246037783,498.3574431515057,500.50982666015625,48854500,0.0,0.0,0.0,SPY,29179.06925,4.207959999999999,5.1433333333333335
2024-02-28 00:00:00-05:00,498.93008300175484,500.4407046514321,498.5647737989886,499.84832763671875,56506600,0.0,0.0,0.0,SPY,29179.06925,4.207959999999999,5.1433333333333335
2024-02-29 00:00:00-05:00,501.6354108088416,503.28424374742,498.9498578140212,501.645263671875,83924800,0.0,0.0,0.0,SPY,29179.06925,4.207959999999999,5.1433333333333335
2024-03-01 00:00:00-05:00,502.5338756491636,506.7892577747691,502.1191816118574,506.3548278808594,76805900,0.0,0.0,0.0,SPY,29179.06925,4.207959999999999,5.1433333333333335
2024-03-04 00:00:00-05:00,505.54522807522517,507.6877284022875,505.51557909592907,505.811767578125,49799300,0.0,0.0,0.0,SPY,29179.06925,4.207959999999999,5.1433333333333335
2024-03-05 00:00:00-05:00,503.7778960932873,504.23209197361217,498.51541280508394,500.75665283203125,72855600,0.0,0.0,0.0,SPY,29179.06925,4.207959999999999,5.1433333333333335
2024-03-06 00:00:00-05:00,504.0839539761013,505.5847227034607,501.98095539502907,503.2940979003906,68382400,0.0,0.0,0.0,SPY,29179.06925,4.207959999999999,5.1433333333333335
2024-03-07 00:00:00-05:00,506.64117571009217,509.3563473853265,503.3533327717686,508.2900085449219,58652100,0.0,0.0,0.0,SPY,29179.06925,4.207959999999999,5.1433333333333335
2024-03-08 00:00:00-05:00,508.9318203713958,511.6568148843625,504.6566421115184,505.2391662597656,86425500,0.0,0.0,0.0,SPY,29179.06925,4.207959999999999,5.1433333333333335
2024-03-11 00:00:00-04:00,504.0148619441716,505.39712513817193,502.0599274855355,504.8047180175781,62557200,0.0,0.0,0.0,SPY,29179.06925,4.207959999999999,5.1433333333333335
2024-03-12 00:00:00-04:00,506.9472946930937,510.82751498286876,504.3900698876672,510.2351379394531,73114400,0.0,0.0,0.0,SPY,29179.06925,4.207959999999999,5.1433333333333335
2024-03-13 00:00:00-04:00,510.56087929992003,510.738592400455,507.9740659552051,509.435302734375,55104100,0.0,0.0,0.0,SPY,29179.06925,4.207959999999999,5.1433333333333335
2024-03-14 00:00:00-04:00,510.42265985793,510.5806672399703,505.3379196312258,508.42828369140625,110171800,0.0,0.0,0.0,SPY,29179.06925,4.207959999999999,5.1433333333333335
2024-03-15 00:00:00-04:00,505.3134306736308,506.7891514759558,503.24349233984213,504.93707275390625,107585800,1.595,0.0,0.0,SPY,29179.06925,4.207959999999999,5.1433333333333335
2024-03-18 00:00:00-04:00,509.06706203174264,510.5328388976783,507.5220360124236,507.93798828125,88893300,0.0,0.0,0.0,SPY,29179.06925,4.207959999999999,5.1433333333333335
2024-03-19 00:00:00-04:00,507.23484938554435,511.0478762202208,506.21470542311687,510.76068115234375,60755300,0.0,0.0,0.0,SPY,29179.06925,4.207959999999999,5.1433333333333335
2024-03-20 00:00:00-04:00,510.8201044796903,515.6235341900565,510.1367240855939,515.48486328125,69594600,0.0,0.0,0.0,SPY,29179.06925,4.207959999999999,5.1433333333333335
2024-03-21 00:00:00-04:00,518.3669362427153,519.0799972433423,516.9010989924435,517.1883544921875,60256100,0.0,0.0,0.0,SPY,29179.06925,4.207959999999999,5.1433333333333335
2024-03-22 00:00:00-04:00,517.0992120281103,517.5944134478647,515.9701382832161,516.2078857421875,79023000,0.0,0.0,0.0,SPY,29179.06925,4.207959999999999,5.1433333333333335
2024-03-25 00:00:00-04:00,514.8113578960968,515.9503452837859,514.6231789481147,514.7816772460938,48512100,0.0,0.0,0.0,SPY,29179.06925,4.207959999999999,5.1433333333333335
2024-03-26 00:00:00-04:00,516.2276294197574,516.574306667591,513.424833033871,513.8308715820312,65463700,0.0,0.0,0.0,SPY,29179.06925,4.207959999999999,5.1433333333333335
2024-03-27 00:00:00-04:00,516.7030983621477,518.1887026536133,514.5043725770939,518.1490478515625,82999800,0.0,0.0,0.0,SPY,29179.06925,4.207959999999999,5.1433333333333335
2024-03-28 00:00:00-04:00,518.1887197410889,519.5752475225421,517.7628537507529,518.050048828125,96294900,0.0,0.0,0.0,SPY,29179.06925,4.207959999999999,5.1433333333333335
2024-04-01 00:00:00-04:00,518.8026977832243,519.3474072145876,515.9700999312377,517.148681640625,62477500,0.0,0.0,0.0,SPY,29179.06925,4.207959999999999,5.1433333333333335
2024-04-02 00:00:00-04:00,513.2663787407818,513.9992671999094,511.5232600004811,513.8606567382812,74230300,0.0,0.0,0.0,SPY,29179.06925,4.207959999999999,5.1433333333333335
2024-04-03 00:00:00-04:00,512.7513266543715,515.9503689165954,512.7018186025061,514.4251098632812,59155800,0.0,0.0,0.0,SPY,29179.06925,4.207959999999999,5.1433333333333335
2024-04-04 00:00:00-04:00,518.4957179374168,518.8423347541981,507.83897362907743,508.14599609375,96858100,0.0,0.0,0.0,SPY,29179.06925,4.207959999999999,5.1433333333333335
2024-04-05 00:00:00-04:00,509.5226586128974,515.4452481567992,509.0769652522051,513.4545288085938,74482100,0.0,0.0,0.0,SPY,29179.06925,4.207959999999999,5.1433333333333335
2024-04-08 00:00:00-04:00,514.1676256081136,515.1877090342433,512.9197084378011,513.74169921875,48401800,0.0,0.0,0.0,SPY,29179.06925,4.207959999999999,5.1433333333333335
2024-04-09 00:00:00-04:00,515.5046666061,515.7522673105218,509.4136650975685,514.3359985351562,68124400,0.0,0.0,0.0,SPY,29179.06925,4.207959999999999,5.1433333333333335
2024-04-10 00:00:00-04:00,508.5520102686698,511.2062825180565,507.1753963185619,509.1858825683594,82652800,0.0,0.0,0.0,SPY,29179.06925,4.207959999999999,5.1433333333333335
2024-04-11 00:00:00-04:00,510.73094461172184,514.4944634268413,507.16551846042853,513.0286865234375,70099000,0.0,0.0,0.0,SPY,29179.06925,4.207959999999999,5.1433333333333335
2024-04-12 00:00:00-04:00,509.4335032535515,510.86959945939657,504.1942637744547,505.9472961425781,92469100,0.0,0.0,0.0,SPY,29179.06925,4.207959999999999,5.1433333333333335
2024-04-15 00:00:00-04:00,510.18622940720803,510.35458096734675,498.74705825509733,499.6087341308594,92101400,0.0,0.0,0.0,SPY,29179.06925,4.207959999999999,5.1433333333333335
2024-04-16 00:00:00-04:00,500.0940119130741,501.6390379238471,497.3902012818734,498.6975402832031,73484000,0.0,0.0,0.0,SPY,29179.06925,4.207959999999999,5.1433333333333335
2024-04-17 00:00:00-04:00,501.19333983039104,501.3617216102896,494.32985547517376,495.7461242675781,75910300,0.0,0.0,0.0,SPY,29179.06925,4.207959999999999,5.1433333333333335
2024-04-18 00:00:00-04:00,497.16245658697704,499.29181676831763,493.77526538398075,494.7260437011719,74548100,0.0,0.0,0.0,SPY,29179.06925,4.207959999999999,5.1433333333333335
2024-04-19 00:00:00-04:00,494.6467903221035,495.656990324727,489.1203256217564,490.4078674316406,102129100,0.0,0.0,0.0,SPY,29179.06925,4.207959999999999,5.1433333333333335
2024-04-22 00:00:00-04:00,493.05222692904476,497.5585779345951,490.6752661850258,494.9241027832031,67961000,0.0,0.0,0.0,SPY,29179.06925,4.207959999999999,5.1433333333333335
2024-04-23 00:00:00-04:00,496.96432609613043,501.2329598348073,494.73591974985015,500.79718017578125,64633600,0.0,0.0,0.0,SPY,29179.06925,4.207959999999999,5.1433333333333335
2024-04-24 00:00:00-04:00,501.6984359256906,502.50065976928005,498.30136160286673,500.5594787597656,55928100,0.0,0.0,0.0,SPY,29179.06925,4.207959999999999,5.1433333333333335
2024-04-25 00:00:00-04:00,494.3892945397056,499.43044149195106,492.7155112810887,498.6579284667969,69122400,0.0,0.0,0.0,SPY,29179.06925,4.207959999999999,5.1433333333333335
2024-04-26 00:00:00-04:00,501.49049852500383,504.98661944192617,500.8467427053988,503.3821716308594,64306100,0.0,0.0,0.0,SPY,29179.06925,4.207959999999999,5.1433333333333335
2024-04-29 00:00:00-04:00,505.1945973517815,505.8482668742655,502.38185682226367,505.1648864746094,46415400,0.0,0.0,0.0,SPY,29179.06925,4.207959999999999,5.1433333333333335
2024-04-30 00:00:00-04:00,503.6792517562141,504.66965456841757,497.16241455078125,497.16241455078125,77483600,0.0,0.0,0.0,SPY,29179.06925,4.207959999999999,5.1433333333333335
2024-05-01 00:00:00-04:00,496.5681788979437,503.3128197951425,495.0726609432343,495.5480651855469,80242800,0.0,0.0,0.0,SPY,29179.06925,4.207959999999999,5.1433333333333335
2024-05-02 00:00:00-04:00,499.3115766670157,501.0348981300909,494.7557176408706,500.1831359863281,62550200,0.0,0.0,0.0,SPY,29179.06925,4.207959999999999,5.1433333333333335
2024-05-03 00:00:00-04:00,506.25432995034845,507.63097421000964,503.6792764673451,506.3830871582031,72756700,0.0,0.0,0.0,SPY,29179.06925,4.207959999999999,5.1433333333333335
2024-05-06 00:00:00-04:00,508.8194833616373,511.6520211115232,508.37378997246344,511.6124267578125,47264700,0.0,0.0,0.0,SPY,29179.06925,4.207959999999999,5.1433333333333335
2024-05-07 00:00:00-04:00,512.592893186346,513.5932097300324,511.49356053808145,512.1769409179688,52561300,0.0,0.0,0.0,SPY,29179.06925,4.207959999999999,5.1433333333333335
2024-05-08 00:00:00-04:00,510.3149702278195,512.7711498945695,510.19612672455037,512.2264404296875,42047200,0.0,0.0,0.0,SPY,29179.06925,4.207959999999999,5.1433333333333335
2024-05-09 00:00:00-04:00,512.4146541328394,515.2175112486855,511.7511011196911,515.1778564453125,43643700,0.0,0.0,0.0,SPY,29179.06925,4.207959999999999,5.1433333333333335
2024-05-10 00:00:00-04:00,516.8020923824466,517.6241436477566,514.6034271407484,515.8414306640625,52233200,0.0,0.0,0.0,SPY,29179.06925,4.207959999999999,5.1433333333333335
2024-05-13 00:00:00-04:00,517.544894396622,517.6538241987988,514.7519511946372,515.9107055664062,36716400,0.0,0.0,0.0,SPY,29179.06925,4.207959999999999,5.1433333333333335
2024-05-14 00:00:00-04:00,516.1087864551328,518.8027134936191,515.5640770072746,518.2777709960938,57535900,0.0,0.0,0.0,SPY,29179.06925,4.207959999999999,5.1433333333333335
2024-05-15 00:00:00-04:00,520.7835145760366,524.9927264220959,520.1397285845308,524.6956176757812,59504900,0.0,0.0,0.0,SPY,29179.06925,4.207959999999999,5.1433333333333335
2024-05-16 00:00:00-04:00,524.7946095124151,526.4188845163601,523.4674432410488,523.6160278320312,50244800,0.0,0.0,0.0,SPY,29179.06925,4.207959999999999,5.1433333333333335
2024-05-17 00:00:00-04:00,523.7349021143731,524.4381098639712,522.2592116146577,524.3687744140625,59187600,0.0,0.0,0.0,SPY,29179.06925,4.207959999999999,5.1433333333333335
2024-05-20 00:00:00-04:00,524.4876736742167,526.4585657833363,524.0914883324435,524.9729614257812,37764200,0.0,0.0,0.0,SPY,29179.06925,4.207959999999999,5.1433333333333335
2024-05-21 00:00:00-04:00,524.2005034303604,526.4189963708524,523.9924970486647,526.260498046875,33437000,0.0,0.0,0.0,SPY,29179.06925,4.207959999999999,5.1433333333333335
2024-05-22 00:00:00-04:00,525.5573158434247,526.2802906066842,522.5365386804145,524.7451782226562,48390000,0.0,0.0,0.0,SPY,29179.06925,4.207959999999999,5.1433333333333335
2024-05-23 00:00:00-04:00,527.8451122672031,527.9540420702835,519.6841421979015,520.9122924804688,57211200,0.0,0.0,0.0,SPY,29179.06925,4.207959999999999,5.1433333333333335
2024-05-24 00:00:00-04:00,522.7841195913288,525.1809380091343,521.8234578436425,524.35888671875,41258400,0.0,0.0,0.0,SPY,29179.06925,4.207959999999999,5.1433333333333335
2024-05-28 00:00:00-04:00,525.1809488785617,525.4186358953048,522.0512419597281,524.725341796875,36269600,0.0,0.0,0.0,SPY,29179.06925,4.207959999999999,5.1433333333333335
2024-05-29 00:00:00-04:00,520.6349510586301,522.2493125032587,520.3279286001089,521.0509033203125,45190300,0.0,0.0,0.0,SPY,29179.06925,4.207959999999999,5.1433333333333335
2024-05-30 00:00:00-04:00,519.4861246908551,520.1595913781238,516.3267371663876,517.5944213867188,46468500,0.0,0.0,0.0,SPY,29179.06925,4.207959999999999,5.1433333333333335
2024-05-31 00:00:00-04:00,518.5650246985202,522.4374730192826,513.3851769884031,522.3087158203125,90785800,0.0,0.0,0.0,SPY,29179.06925,4.207959999999999,5.1433333333333335
2024-06-03 00:00:00-04:00,523.9429420674911,524.2301371360559,517.5845121617758,522.734619140625,46835700,0.0,0.0,0.0,SPY,29179.06925,4.207959999999999,5.1433333333333335
2024-06-04 00:00:00-04:00,521.4074995044357,524.0716855548387,519.9218952484352,523.3189697265625,34632700,0.0,0.0,0.0,SPY,29179.06925,4.207959999999999,5.1433333333333335
2024-06-05 00:00:00-04:00,525.6761006976074,529.558462653228,523.6556403472038,529.5386352539062,47610400,0.0,0.0,0.0,SPY,29179.06925,4.207959999999999,5.1433333333333335
2024-06-06 00:00:00-04:00,529.8456837163661,530.2814633771293,527.567769309855,529.5287475585938,30808500,0.0,0.0,0.0,SPY,29179.06925,4.207959999999999,5.1433333333333335
2024-06-07 00:00:00-04:00,528.5383935105723,531.7374360345742,527.4291470806969,528.8850708007812,43224500,0.0,0.0,0.0,SPY,29179.06925,4.207959999999999,5.1433333333333335
2024-06-10 00:00:00-04:00,528.0629853102115,530.8460149060121,527.4588540784205,530.5191650390625,35729300,0.0,0.0,0.0,SPY,29179.06925,4.207959999999999,5.1433333333333335
2024-06-11 00:00:00-04:00,528.9444489661214,531.8562357169258,526.9438158970391,531.7968139648438,36383400,0.0,0.0,0.0,SPY,29179.06925,4.207959999999999,5.1433333333333335
2024-06-12 00:00:00-04:00,536.4319178680672,538.8980113725944,535.114665109043,536.1644897460938,63251300,0.0,0.0,0.0,SPY,29179.06925,4.207959999999999,5.1433333333333335
2024-06-13 00:00:00-04:00,537.9373126143792,538.1155778669757,534.4114810144458,537.2440185546875,44760900,0.0,0.0,0.0,SPY,29179.06925,4.207959999999999,5.1433333333333335
2024-06-14 00:00:00-04:00,535.6890723130914,537.6005424667798,534.668928411455,537.5708618164062,40089900,0.0,0.0,0.0,SPY,29179.06925,4.207959999999999,5.1433333333333335
2024-06-17 00:00:00-04:00,536.8775841230741,543.2656944796701,536.4120633583274,541.849365234375,55839500,0.0,0.0,0.0,SPY,29179.06925,4.207959999999999,5.1433333333333335
2024-06-18 00:00:00-04:00,541.908760555386,543.3547703814315,541.482894612303,543.2260131835938,41376400,0.0,0.0,0.0,SPY,29179.06925,4.207959999999999,5.1433333333333335
2024-06-20 00:00:00-04:00,544.1669516153021,544.8404183084012,539.9478257458514,541.7503662109375,70328200,0.0,0.0,0.0,SPY,29179.06925,4.207959999999999,5.1433333333333335
2024-06-21 00:00:00-04:00,540.9147666280046,542.1567641077305,539.5435965588345,541.0240478515625,64513900,1.759,0.0,0.0,SPY,29179.06925,4.207959999999999,5.1433333333333335
2024-06-24 00:00:00-04:00,540.8451671842284,543.4483888561709,539.1460929266034,539.2653198242188,45528700,0.0,0.0,0.0,SPY,29179.06925,4.207959999999999,5.1433333333333335
2024-06-25 00:00:00-04:00,540.5073919724678,541.7096674415219,538.9673271282493,541.342041015625,38273300,0.0,0.0,0.0,SPY,29179.06925,4.207959999999999,5.1433333333333335
2024-06-26 00:00:00-04:00,540.2093444061392,542.7430073900042,539.5535963546173,542.0177001953125,38550600,0.0,0.0,0.0,SPY,29179.06925,4.207959999999999,5.1433333333333335
2024-06-27 00:00:00-04:00,541.8785333532583,543.4583808478909,541.1233891744105,542.8721313476562,35041500,0.0,0.0,0.0,SPY,29179.06925,4.207959999999999,5.1433333333333335
2024-06-28 00:00:00-04:00,543.6570202025717,546.7571015570238,539.4740117027048,540.73583984375,76144500,0.0,0.0,0.0,SPY,29179.06925,4.207959999999999,5.1433333333333335
2024-07-01 00:00:00-04:00,542.1368764681023,542.3852759657548,539.0468012719632,541.8487548828125,40297800,0.0,0.0,0.0,SPY,29179.06925,4.207959999999999,5.1433333333333335
2024-07-02 00:00:00-04:00,540.2192363850778,545.4952392578125,540.1695686147268,545.4952392578125,40434800,0.0,0.0,0.0,SPY,29179.06925,4.207959999999999,5.1433333333333335
2024-07-03 00:00:00-04:00,545.1773403396794,548.2972529078797,545.1376182479295,547.9296264648438,32789900,0.0,0.0,0.0,SPY,29179.06925,4.207959999999999,5.1433333333333335
2024-07-05 00:00:00-04:00,548.2375511458326,551.4965208324575,547.5916882313281,551.0891723632812,41488400,0.0,0.0,0.0,SPY,29179.06925,4.207959999999999,5.1433333333333335
2024-07-08 00:00:00-04:00,551.884046644386,552.6888585564628,550.6420492094277,551.72509765625,36110500,0.0,0.0,0.0,SPY,29179.06925,4.207959999999999,5.1433333333333335
2024-07-09 00:00:00-04:00,552.6988432685978,553.6129364648433,551.9635904382866,552.2616577148438,27289700,0.0,0.0,0.0,SPY,29179.06925,4.207959999999999,5.1433333333333335
2024-07-10 00:00:00-04:00,553.5036489009739,558.0741754742883,553.205581627829,557.7264404296875,38701200,0.0,0.0,0.0,SPY,29179.06925,4.207959999999999,5.1433333333333335
2024-07-11 00:00:00-04:00,557.8456259785384,558.7299426936437,552.2715561285736,552.9173583984375,53054200,0.0,0.0,0.0,SPY,29179.06925,4.207959999999999,5.1433333333333335
2024-07-12 00:00:00-04:00,554.0600306153884,560.0613404112083,553.5831230048191,556.4049072265625,53084400,0.0,0.0,0.0,SPY,29179.06925,4.207959999999999,5.1433333333333335
2024-07-15 00:00:00-04:00,558.4319186338745,561.2239266160194,556.0472591522632,557.9351196289062,40584300,0.0,0.0,0.0,SPY,29179.06925,4.207959999999999,5.1433333333333335
2024-07-16 00:00:00-04:00,559.2664631971054,561.5417806296592,558.5013733831685,561.2437133789062,36475300,0.0,0.0,0.0,SPY,29179.06925,4.207959999999999,5.1433333333333335
2024-07-17 00:00:00-04:00,555.2225283359235,556.9216026807854,553.0465463761137,553.3744506835938,57119000,0.0,0.0,0.0,SPY,29179.06925,4.207959999999999,5.1433333333333335
2024-07-18 00:00:00-04:00,554.934410669843,555.9379543203733,546.906122110008,549.121826171875,56270400,0.0,0.0,0.0,SPY,29179.06925,4.207959999999999,5.1433333333333335
2024-07-19 00:00:00-04:00,548.8833755688274,550.532782165791,544.4022390050054,545.475341796875,65509100,0.0,0.0,0.0,SPY,29179.06925,4.207959999999999,5.1433333333333335
2024-07-22 00:00:00-04:00,549.4597210903114,551.7152080677258,547.4924163595272,551.0991821289062,43346700,0.0,0.0,0.0,SPY,29179.06925,4.207959999999999,5.1433333333333335
2024-07-23 00:00:00-04:00,550.9897636467225,553.1756911794572,549.7378812203599,550.2346801757812,34439600,0.0,0.0,0.0,SPY,29179.06925,4.207959999999999,5.1433333333333335
2024-07-24 00:00:00-04:00,545.3461720780751,545.6541850257204,536.8310301226088,537.7650146484375,74515300,0.0,0.0,0.0,SPY,29179.06925,4.207959999999999,5.1433333333333335
2024-07-25 00:00:00-04:00,537.8842542829834,543.9551841667384,534.0092584606904,534.9630737304688,61158300,0.0,0.0,0.0,SPY,29179.06925,4.207959999999999,5.1433333333333335
2024-07-26 00:00:00-04:00,538.8083228950942,543.6868621230556,538.0233417058752,540.9544677734375,53763800,0.0,0.0,0.0,SPY,29179.06925,4.207959999999999,5.1433333333333335
2024-07-29 00:00:00-04:00,542.5244041316022,543.5477785454984,539.2454821872736,541.2724609375,39515800,0.0,0.0,0.0,SPY,29179.06925,4.207959999999999,5.1433333333333335
2024-07-30 00:00:00-04:00,542.7628273133917,543.8359300826789,535.0723888630466,538.5300903320312,46853600,0.0,0.0,0.0,SPY,29179.06925,4.207959999999999,5.1433333333333335
2024-07-31 00:00:00-04:00,545.4653901540843,549.9564723516758,544.0743893929554,547.28369140625,65663400,0.0,0.0,0.0,SPY,29179.06925,4.207959999999999,5.1433333333333335
2024-08-01 00:00:00-04:00,549.0324864189774,551.317749824463,535.9765933766676,539.53369140625,76428700,0.0,0.0,0.0,SPY,29179.06925,4.207959999999999,5.1433333333333335
2024-08-02 00:00:00-04:00,532.3200720269788,533.5521237131668,525.215822822894,529.4883422851562,82789100,0.0,0.0,0.0,SPY,29179.06925,4.207959999999999,5.1433333333333335
2024-08-05 00:00:00-04:00,508.3645060852609,520.2280688833214,507.0032513256614,514.0677490234375,146267400,0.0,0.0,0.0,SPY,29179.06925,4.207959999999999,5.1433333333333335
2024-08-06 00:00:00-04:00,515.8958946027635,526.3585100467498,514.554561638132,518.8071899414062,84826300,0.0,0.0,0.0,SPY,29179.06925,4.207959999999999,5.1433333333333335
2024-08-07 00:00:00-04:00,525.0867330311373,528.1868147438752,514.7334583176194,515.3395385742188,70698300,0.0,0.0,0.0,SPY,29179.06925,4.207959999999999,5.1433333333333335
2024-08-08 00:00:00-04:00,520.5559060967021,527.8886642530557,518.4992115856069,527.2528076171875,63276600,0.0,0.0,0.0,SPY,29179.06925,4.207959999999999,5.1433333333333335
2024-08-09 00:00:00-04:00,526.4181852735649,531.0881082802846,525.1761876996719,529.5778198242188,45619600,0.0,0.0,0.0,SPY,29179.06925,4.207959999999999,5.1433333333333335
2024-08-12 00:00:00-04:00,530.7900026001965,532.300230302617,527.5508634586599,529.8560180664062,42542100,0.0,0.0,0.0,SPY,29179.06925,4.207959999999999,5.1433333333333335
2024-08-13 00:00:00-04:00,533.0951503210376,538.8083386739114,532.8467508274344,538.56982421875,52333100,0.0,0.0,0.0,SPY,29179.06925,4.207959999999999,5.1433333333333335
2024-08-14 00:00:00-04:00,539.3746584267726,541.471196329114,536.6621552508178,540.2689208984375,42446900,0.0,0.0,0.0,SPY,29179.06925,4.207959999999999,5.1433333333333335
2024-08-15 00:00:00-04:00,545.982083814168,549.8173574187872,545.3660579251114,549.5292358398438,60846800,0.0,0.0,0.0,SPY,29179.06925,4.207959999999999,5.1433333333333335
2024-08-16 00:00:00-04:00,547.8897787993742,551.4667678986649,547.7308298067959,550.7612915039062,44430700,0.0,0.0,0.0,SPY,29179.06925,4.207959999999999,5.1433333333333335
2024-08-19 00:00:00-04:00,551.178580819559,556.02734375,550.3141554398344,556.02734375,39121800,0.0,0.0,0.0,SPY,29179.06925,4.207959999999999,5.1433333333333335
2024-08-20 00:00:00-04:00,555.5703612216352,557.2495443135458,553.7620055346229,555.1232299804688,33732300,0.0,0.0,0.0,SPY,29179.06925,4.207959999999999,5.1433333333333335
2024-08-21 00:00:00-04:00,556.1864107229809,558.5113962445419,551.1786376407017,557.0309448242188,41514600,0.0,0.0,0.0,SPY,29179.06925,4.207959999999999,5.1433333333333335
2024-08-22 00:00:00-04:00,558.9584957024143,559.5745216188498,551.4270057843165,552.6590576171875,56121500,0.0,0.0,0.0,SPY,29179.06925,4.207959999999999,5.1433333333333335
2024-08-23 00:00:00-04:00,555.9479194512493,559.4851259143927,553.722208984333,558.53125,50639400,0.0,0.0,0.0,SPY,29179.06925,4.207959999999999,5.1433333333333335
2024-08-26 00:00:00-04:00,559.5744817024615,560.2997887939172,555.4709173504181,557.1997680664062,35788600,0.0,0.0,0.0,SPY,29179.06925,4.207959999999999,5.1433333333333335
2024-08-27 00:00:00-04:00,555.9081495950009,558.4617037979162,554.7456568855777,557.9649047851562,32693900,0.0,0.0,0.0,SPY,29179.06925,4.207959999999999,5.1433333333333335
2024-08-28 00:00:00-04:00,557.6171732764703,558.054358836253,551.4866297560903,554.7257690429688,41066000,0.0,0.0,0.0,SPY,29179.06925,4.207959999999999,5.1433333333333335
2024-08-29 00:00:00-04:00,556.7228644372319,560.0712846741632,553.6128980049808,554.775390625,38715200,0.0,0.0,0.0,SPY,29179.06925,4.207959999999999,5.1433333333333335
2024-08-30 00:00:00-04:00,557.1799456914886,560.5879794062929,553.5731802564248,560.0712890625,62700100,0.0,0.0,0.0,SPY,29179.06925,4.207959999999999,5.1433333333333335
2024-09-03 00:00:00-04:00,556.881834277098,557.2196842759827,545.9920391595765,548.5455932617188,60600100,0.0,0.0,0.0,SPY,29179.06925,4.207959999999999,5.1433333333333335
2024-09-04 00:00:00-04:00,546.6775920813889,550.880491910365,545.9423393178182,547.4227905273438,47224900,0.0,0.0,0.0,SPY,29179.06925,4.207959999999999,5.1433333333333335
2024-09-05 00:00:00-04:00,547.3632041488859,550.2545475786525,543.5974290033273,546.0913696289062,44264300,0.0,0.0,0.0,SPY,29179.06925,4.207959999999999,5.1433333333333335
2024-09-06 00:00:00-04:00,546.4193211895582,548.0686672905891,535.9865415281048,536.900634765625,68493800,0.0,0.0,0.0,SPY,29179.06925,4.207959999999999,5.1433333333333335
2024-09-09 00:00:00-04:00,541.1631836675344,544.2035911706921,539.205764040938,542.911865234375,40445800,0.0,0.0,0.0,SPY,29179.06925,4.207959999999999,5.1433333333333335
2024-09-10 00:00:00-04:00,544.8493714758437,545.6343526891766,539.9012729623811,545.276611328125,36394600,0.0,0.0,0.0,SPY,29179.06925,4.207959999999999,5.1433333333333335
2024-09-11 00:00:00-04:00,545.1871934136049,551.8045289085911,536.5031572548023,550.8705444335938,75248600,0.0,0.0,0.0,SPY,29179.06925,4.207959999999999,5.1433333333333335
2024-09-12 00:00:00-04:00,551.4567847066498,555.8186940780948,549.2012980489352,555.5106811523438,51892700,0.0,0.0,0.0,SPY,29179.06925,4.207959999999999,5.1433333333333335
2024-09-13 00:00:00-04:00,556.1267241742606,559.4254766085033,555.8683790070602,558.4119873046875,39310500,0.0,0.0,0.0,SPY,29179.06925,4.207959999999999,5.1433333333333335
2024-09-16 00:00:00-04:00,558.1437002092299,559.5049245430299,556.3155139503538,559.2366943359375,36656100,0.0,0.0,0.0,SPY,29179.06925,4.207959999999999,5.1433333333333335
2024-09-17 00:00:00-04:00,561.4821822822897,562.9527484995683,557.1997775054689,559.4652099609375,49321000,0.0,0.0,0.0,SPY,29179.06925,4.207959999999999,5.1433333333333335
2024-09-18 00:00:00-04:00,560.1309547132038,565.0492771870338,557.2396110727457,557.8059692382812,59044900,0.0,0.0,0.0,SPY,29179.06925,4.207959999999999,5.1433333333333335
2024-09-19 00:00:00-04:00,567.3544220112178,569.2124454796876,564.4431870545009,567.3245849609375,75315500,0.0,0.0,0.0,SPY,29179.06925,4.207959999999999,5.1433333333333335
2024-09-20 00:00:00-04:00,565.9352741325762,567.4003139915075,563.274186536296,566.3438720703125,77503100,1.746,0.0,0.0,SPY,29179.06925,4.207959999999999,5.1433333333333335
2024-09-23 00:00:00-04:00,567.4302449810484,568.4169144135892,566.1943533126803,567.7590942382812,44116900,0.0,0.0,0.0,SPY,29179.06925,4.207959999999999,5.1433333333333335
2024-09-24 00:00:00-04:00,568.5663492842654,569.4434022584327,565.6960051561575,569.3836059570312,46805700,0.0,0.0,0.0,SPY,29179.06925,4.207959999999999,5.1433333333333335
2024-09-25 00:00:00-04:00,569.2242153737513,569.9716996168105,567.001654193034,568.1278686523438,38428600,0.0,0.0,0.0,SPY,29179.06925,4.207959999999999,5.1433333333333335
2024-09-26 00:00:00-04:00,572.453350103916,572.7822602105816,567.9883969266909,570.3803100585938,48336000,0.0,0.0,0.0,SPY,29179.06925,4.207959999999999,5.1433333333333335
2024-09-27 00:00:00-04:00,571.4666429266127,572.2938149879185,568.5065738226857,569.5530395507812,42100900,0.0,0.0,0.0,SPY,29179.06925,4.207959999999999,5.1433333333333335
2024-09-30 00:00:00-04:00,568.5065651200609,572.4533035880738,566.174448485196,571.8353881835938,63557400,0.0,0.0,0.0,SPY,29179.06925,4.207959999999999,5.1433333333333335
2024-10-01 00:00:00-04:00,571.4766419055114,572.13440127127,564.1014397392948,566.712646484375,72668800,0.0,0.0,0.0,SPY,29179.06925,4.207959999999999,5.1433333333333335
2024-10-02 00:00:00-04:00,565.80573723538,567.9883936936922,563.373919358678,566.9518432617188,38097800,0.0,0.0,0.0,SPY,29179.06925,4.207959999999999,5.1433333333333335
2024-10-03 00:00:00-04:00,565.4568653371243,567.8886831733391,563.5931428250311,565.9153442382812,40846500,0.0,0.0,0.0,SPY,29179.06925,4.207959999999999,5.1433333333333335
2024-10-04 00:00:00-04:00,570.4300917963334,571.4367135974977,566.1943479445887,571.0579833984375,42939100,0.0,0.0,0.0,SPY,29179.06925,4.207959999999999,5.1433333333333335
2024-10-07 00:00:00-04:00,569.3836455038623,570.0414656953863,564.7293273686603,565.8953857421875,49964700,0.0,0.0,0.0,SPY,29179.06925,4.207959999999999,5.1433333333333335
2024-10-08 00:00:00-04:00,568.5065999253031,571.8553755715546,567.6196315196793,571.2473754882812,37398700,0.0,0.0,0.0,SPY,29179.06925,4.207959999999999,5.1433333333333335
2024-10-09 00:00:00-04:00,571.2374103968729,575.7721968989688,570.6294711322118,575.2041015625,37912200,0.0,0.0,0.0,SPY,29179.06925,4.207959999999999,5.1433333333333335
2024-10-10 00:00:00-04:00,573.8386709048119,575.6425970526338,572.5629353063589,574.1974487304688,44138100,0.0,0.0,0.0,SPY,29179.06925,4.207959999999999,5.1433333333333335
2024-10-11 00:00:00-04:00,574.1176761498197,578.3833484453603,573.9781311688434,577.6358642578125,42268000,0.0,0.0,0.0,SPY,29179.06925,4.207959999999999,5.1433333333333335
2024-10-14 00:00:00-04:00,579.2703473815798,583.3068108718866,578.7820007527869,582.3599853515625,36217200,0.0,0.0,0.0,SPY,29179.06925,4.207959999999999,5.1433333333333335
2024-10-15 00:00:00-04:00,582.6290678972117,582.9380255946008,576.5993134581498,577.835205078125,54203600,0.0,0.0,0.0,SPY,29179.06925,4.207959999999999,5.1433333333333335
2024-10-16 00:00:00-04:00,577.835235088752,580.8749921074705,577.0179783689249,580.3467407226562,30725400,0.0,0.0,0.0,SPY,29179.06925,4.207959999999999,5.1433333333333335
2024-10-17 00:00:00-04:00,583.944601340952,584.1539188175557,580.2071803114444,580.3965454101562,34393700,0.0,0.0,0.0,SPY,29179.06925,4.207959999999999,5.1433333333333335
2024-10-18 00:00:00-04:00,582.1108141676949,583.4263936848293,580.6258219277963,582.6290893554688,37416800,0.0,0.0,0.0,SPY,29179.06925,4.207959999999999,5.1433333333333335
2024-10-21 00:00:00-04:00,581.8915350892357,582.8881807335302,578.6524367452782,581.6723022460938,36439000,0.0,0.0,0.0,SPY,29179.06925,4.207959999999999,5.1433333333333335
2024-10-22 00:00:00-04:00,579.1009372156066,582.539376841233,578.4332016690254,581.3633422851562,34183800,0.0,0.0,0.0,SPY,29179.06925,4.207959999999999,5.1433333333333335
2024-10-23 00:00:00-04:00,579.3102592315893,579.7587619393839,572.4931762322094,576.0512084960938,49314600,0.0,0.0,0.0,SPY,29179.06925,4.207959999999999,5.1433333333333335
2024-10-24 00:00:00-04:00,578.0345050935296,578.1142537753539,574.6359703072284,577.2969970703125,34979900,0.0,0.0,0.0,SPY,29179.06925,4.207959999999999,5.1433333333333335
2024-10-25 00:00:00-04:00,579.5594025561556,582.4995192928038,576.1409153890147,577.09765625,47268200,0.0,0.0,0.0,SPY,29179.06925,4.207959999999999,5.1433333333333335
2024-10-28 00:00:00-04:00,580.625843766574,580.7554125683909,578.5727561467988,578.8817138671875,30174700,0.0,0.0,0.0,SPY,29179.06925,4.207959999999999,5.1433333333333335
2024-10-29 00:00:00-04:00,577.9049390899631,580.9546722574563,576.4897193404522,579.8185424804688,42899700,0.0,0.0,0.0,SPY,29179.06925,4.207959999999999,5.1433333333333335
2024-10-30 00:00:00-04:00,579.340127925038,581.3633477929158,577.3468366252599,578.064453125,41435800,0.0,0.0,0.0,SPY,29179.06925,4.207959999999999,5.1433333333333335
2024-10-31 00:00:00-04:00,573.6293759428813,573.6991484390127,566.5332636815825,566.7326049804688,60182500,0.0,0.0,0.0,SPY,29179.06925,4.207959999999999,5.1433333333333335
2024-11-01 00:00:00-04:00,569.4036017001581,573.6193933460836,568.705937577061,569.12451171875,45667500,0.0,0.0,0.0,SPY,29179.06925,4.207959999999999,5.1433333333333335
2024-11-04 00:00:00-05:00,569.2640201958944,570.5795996729566,565.9850781072051,567.8986206054688,38217000,0.0,0.0,0.0,SPY,29179.06925,4.207959999999999,5.1433333333333335
2024-11-05 00:00:00-05:00,568.8255339356318,574.8054078922688,568.6063010891585,574.7655639648438,39478300,0.0,0.0,0.0,SPY,29179.06925,4.207959999999999,5.1433333333333335
2024-11-06 00:00:00-05:00,587.2236401168085,589.9444633264045,583.4264225525844,589.0574340820312,68182000,0.0,0.0,0.0,SPY,29179.06925,4.207959999999999,5.1433333333333335
2024-11-07 00:00:00-05:00,591.0905788560154,594.6486108837124,591.0108301769313,593.612060546875,47233200,0.0,0.0,0.0,SPY,29179.06925,4.207959999999999,5.1433333333333335
2024-11-08 00:00:00-05:00,594.170227974366,597.6286200573561,594.170227974366,596.1834716796875,46444900,0.0,0.0,0.0,SPY,29179.06925,4.207959999999999,5.1433333333333335
2024-11-11 00:00:00-05:00,597.7979915870179,598.1567694017272,594.9974198997685,596.7515258789062,37586800,0.0,0.0,0.0,SPY,29179.06925,4.207959999999999,5.1433333333333335
2024-11-12 00:00:00-05:00,596.6718248163537,597.2797640781976,592.3762843945897,594.8978271484375,43006100,0.0,0.0,0.0,SPY,29179.06925,4.207959999999999,5.1433333333333335
2024-11-13 00:00:00-05:00,595.3662175337821,597.2199638760482,592.9643282404705,595.1868286132812,47388600,0.0,0.0,0.0,SPY,29179.06925,4.207959999999999,5.1433333333333335
2024-11-14 00:00:00-05:00,595.3163950921665,595.8047417344717,590.6620768755874,591.3596801757812,38904100,0.0,0.0,0.0,SPY,29179.06925,4.207959999999999,5.1433333333333335
2024-11-15 00:00:00-05:00,587.741810056627,588.2202413060753,581.9014814794444,583.78515625,75988800,0.0,0.0,0.0,SPY,29179.06925,4.207959999999999,5.1433333333333335
2024-11-18 00:00:00-05:00,584.2535445173154,587.5125950397364,583.3765523681863,586.1771240234375,37084100,0.0,0.0,0.0,SPY,29179.06925,4.207959999999999,5.1433333333333335
2024-11-19 00:00:00-05:00,582.7486704174037,589.0573932647131,582.0709587093536,588.3198852539062,49412000,0.0,0.0,0.0,SPY,29179.06925,4.207959999999999,5.1433333333333335
2024-11-20 00:00:00-05:00,588.3996334687998,588.8082313989112,582.6689212758671,588.5192260742188,50032600,0.0,0.0,0.0,SPY,29179.06925,4.207959999999999,5.1433333333333335
2024-11-21 00:00:00-05:00,591.4095359141672,593.1237371839187,585.4794823023249,591.6785888671875,46750300,0.0,0.0,0.0,SPY,29179.06925,4.207959999999999,5.1433333333333335
2024-11-22 00:00:00-05:00,591.6686202509217,594.1503189768671,591.1603820751913,593.512451171875,38226400,0.0,0.0,0.0,SPY,29179.06925,4.207959999999999,5.1433333333333335
2024-11-25 00:00:00-05:00,597.5090108826315,598.8444819692141,593.2034944374628,595.5256958007812,42441400,0.0,0.0,0.0,SPY,29179.06925,4.207959999999999,5.1433333333333335
2024-11-26 00:00:00-05:00,596.7913620470338,599.3129045668759,596.0638302382595,598.6351928710938,45621300,0.0,0.0,0.0,SPY,29179.06925,4.207959999999999,5.1433333333333335
2024-11-27 00:00:00-05:00,598.4458262225876,598.8344717672517,595.2765005812439,596.8212890625,34000200,0.0,0.0,0.0,SPY,29179.06925,4.207959999999999,5.1433333333333335
2024-11-29 00:00:00-05:00,597.6484881409995,601.3261129268905,597.36945899809,600.52880859375,30177400,0.0,0.0,0.0,SPY,29179.06925,4.207959999999999,5.1433333333333335
2024-12-02 00:00:00-05:00,600.9474044087409,602.2929125479887,600.4490815787433,601.605224609375,31746000,0.0,0.0,0.0,SPY,29179.06925,4.207959999999999,5.1433333333333335
2024-12-03 00:00:00-05:00,601.3660019623314,602.1333777080879,600.3195362505401,601.8842163085938,26906600,0.0,0.0,0.0,SPY,29179.06925,4.207959999999999,5.1433333333333335
2024-12-04 00:00:00-05:00,603.5984841150722,605.8708044682724,602.9207724016469,605.6216430664062,42787600,0.0,0.0,0.0,SPY,29179.06925,4.207959999999999,5.1433333333333335
2024-12-05 00:00:00-05:00,605.621645611653,606.4389023128589,604.2662221791059,604.625,28762200,0.0,0.0,0.0,SPY,29179.06925,4.207959999999999,5.1433333333333335
2024-12-06 00:00:00-05:00,605.4024251817842,607.0269624285027,604.9838510488302,605.7711791992188,31241500,0.0,0.0,0.0,SPY,29179.06925,4.207959999999999,5.1433333333333335
2024-12-09 00:00:00-05:00,605.6515854430188,605.820998167633,602.0537093173363,602.6516723632812,34742700,0.0,0.0,0.0,SPY,29179.06925,4.207959999999999,5.1433333333333335
2024-12-10 00:00:00-05:00,603.3393405871914,603.7678908945335,600.1102185836498,600.7779541015625,37234500,0.0,0.0,0.0,SPY,29179.06925,4.207959999999999,5.1433333333333335
2024-12-11 00:00:00-05:00,603.7480059585018,606.3890803229617,603.4689159895003,605.42236328125,28677700,0.0,0.0,0.0,SPY,29179.06925,4.207959999999999,5.1433333333333335
2024-12-12 00:00:00-05:00,604.5453090600739,605.1233197139765,602.3028564453125,602.3028564453125,31543800,0.0,0.0,0.0,SPY,29179.06925,4.207959999999999,5.1433333333333335
2024-12-13 00:00:00-05:00,604.3659449754581,605.093476832397,600.7879603355512,602.1832885742188,35904700,0.0,0.0,0.0,SPY,29179.06925,4.207959999999999,5.1433333333333335
2024-12-16 00:00:00-05:00,603.9672494909545,605.7413079042333,603.1799213451903,604.7545776367188,43695200,0.0,0.0,0.0,SPY,29179.06925,4.207959999999999,5.1433333333333335
2024-12-17 00:00:00-05:00,602.1632992266615,603.1399924355125,600.8676721305405,602.262939453125,55773500,0.0,0.0,0.0,SPY,29179.06925,4.207959999999999,5.1433333333333335
2024-12-18 00:00:00-05:00,601.9539941025837,604.3758356273496,583.9247091414081,584.3134155273438,108248700,0.0,0.0,0.0,SPY,29179.06925,4.207959999999999,5.1433333333333335
2024-12-19 00:00:00-05:00,589.3763378496345,591.0108512618689,583.8848107635582,584.1339721679688,85919500,0.0,0.0,0.0,SPY,29179.06925,4.207959999999999,5.1433333333333335
2024-12-20 00:00:00-05:00,581.77001953125,595.75,580.9099731445312,591.1500244140625,125716700,1.966,0.0,0.0,SPY,29179.06925,4.207959999999999,5.1433333333333335
2024-12-23 00:00:00-05:00,590.8900146484375,595.2999877929688,587.6599731445312,594.6900024414062,57635800,0.0,0.0,0.0,SPY,29179.06925,4.207959999999999,5.1433333333333335
2024-12-24 00:00:00-05:00,596.0599975585938,601.3400268554688,595.469970703125,601.2999877929688,33160100,0.0,0.0,0.0,SPY,29179.06925,4.207959999999999,5.1433333333333335
2024-12-26 00:00:00-05:00,599.5,602.47998046875,598.0800170898438,601.3400268554688,41219100,0.0,0.0,0.0,SPY,29179.06925,4.207959999999999,5.1433333333333335
2024-12-27 00:00:00-05:00,597.5399780273438,597.780029296875,590.760009765625,595.010009765625,64969300,0.0,0.0,0.0,SPY,29179.06925,4.207959999999999,5.1433333333333335
2024-12-30 00:00:00-05:00,587.8900146484375,591.739990234375,584.4099731445312,588.219970703125,56578800,0.0,0.0,0.0,SPY,29179.06925,4.207959999999999,5.1433333333333335
2024-12-31 00:00:00-05:00,589.9099731445312,590.6400146484375,584.4199829101562,586.0800170898438,57052700,0.0,0.0,0.0,SPY,29179.06925,4.207959999999999,5.1433333333333335
2025-01-02 00:00:00-05:00,589.3900146484375,591.1300048828125,580.5,584.6400146484375,50204000,0.0,0.0,0.0,SPY,,4.596071428571428,4.33
2025-01-03 00:00:00-05:00,587.530029296875,592.5999755859375,586.4299926757812,591.9500122070312,37888500,0.0,0.0,0.0,SPY,,4.596071428571428,4.33
2025-01-06 00:00:00-05:00,596.27001953125,599.7000122070312,593.5999755859375,595.3599853515625,47679400,0.0,0.0,0.0,SPY,,4.596071428571428,4.33
2025-01-07 00:00:00-05:00,597.4199829101562,597.75,586.780029296875,588.6300048828125,60393100,0.0,0.0,0.0,SPY,,4.596071428571428,4.33
2025-01-08 00:00:00-05:00,588.7000122070312,590.5800170898438,585.2000122070312,589.489990234375,47304700,0.0,0.0,0.0,SPY,,4.596071428571428,4.33
2025-01-10 00:00:00-05:00,585.8800048828125,585.9500122070312,578.5499877929688,580.489990234375,73105000,0.0,0.0,0.0,SPY,,4.596071428571428,4.33
2025-01-13 00:00:00-05:00,575.77001953125,581.75,575.3499755859375,581.3900146484375,47910100,0.0,0.0,0.0,SPY,,4.596071428571428,4.33
2025-01-14 00:00:00-05:00,584.3599853515625,585.0,578.3499755859375,582.1900024414062,48420600,0.0,0.0,0.0,SPY,,4.596071428571428,4.33
2025-01-15 00:00:00-05:00,590.3300170898438,593.9400024414062,589.2000122070312,592.780029296875,56900200,0.0,0.0,0.0,SPY,,4.596071428571428,4.33
2025-01-16 00:00:00-05:00,594.1699829101562,594.3499755859375,590.9299926757812,591.6400146484375,43319700,0.0,0.0,0.0,SPY,,4.596071428571428,4.33
2025-01-17 00:00:00-05:00,596.9600219726562,599.3599853515625,595.6099853515625,597.5800170898438,58070600,0.0,0.0,0.0,SPY,,4.596071428571428,4.33
2025-01-21 00:00:00-05:00,600.6699829101562,603.0599975585938,598.6699829101562,603.0499877929688,42532900,0.0,0.0,0.0,SPY,,4.596071428571428,4.33
2025-01-22 00:00:00-05:00,605.9199829101562,607.8200073242188,605.3599853515625,606.4400024414062,48196000,0.0,0.0,0.0,SPY,,4.596071428571428,4.33
2025-01-23 00:00:00-05:00,605.7999877929688,609.75,605.52001953125,609.75,41152100,0.0,0.0,0.0,SPY,,4.596071428571428,4.33
2025-01-24 00:00:00-05:00,609.8099975585938,610.780029296875,606.7999877929688,607.969970703125,34604700,0.0,0.0,0.0,SPY,,4.596071428571428,4.33
2025-01-27 00:00:00-05:00,594.8099975585938,599.6900024414062,594.6400146484375,599.3699951171875,70361100,0.0,0.0,0.0,SPY,,4.596071428571428,4.33
2025-01-28 00:00:00-05:00,600.6199951171875,605.3699951171875,597.25,604.52001953125,44433300,0.0,0.0,0.0,SPY,,4.596071428571428,4.33
2025-01-29 00:00:00-05:00,603.719970703125,604.1300048828125,599.219970703125,601.8099975585938,37177400,0.0,0.0,0.0,SPY,,4.596071428571428,4.33
2025-01-30 00:00:00-05:00,603.9600219726562,606.5999755859375,600.719970703125,605.0399780273438,39281300,0.0,0.0,0.0,SPY,,4.596071428571428,4.33
2025-01-31 00:00:00-05:00,607.5,609.9600219726562,601.0499877929688,601.8200073242188,66671500,0.0,0.0,0.0,SPY,,4.596071428571428,4.33
2025-02-03 00:00:00-05:00,592.6699829101562,600.2899780273438,590.489990234375,597.77001953125,65857200,0.0,0.0,0.0,SPY,,4.596071428571428,4.33
2025-02-04 00:00:00-05:00,597.8300170898438,602.2999877929688,597.280029296875,601.780029296875,33457800,0.0,0.0,0.0,SPY,,4.596071428571428,4.33
2025-02-05 00:00:00-05:00,600.6400146484375,604.3699951171875,598.5800170898438,604.219970703125,30653100,0.0,0.0,0.0,SPY,,4.596071428571428,4.33
2025-02-06 00:00:00-05:00,605.989990234375,606.4500122070312,602.6300048828125,606.3200073242188,35771500,0.0,0.0,0.0,SPY,,4.596071428571428,4.33
2025-02-07 00:00:00-05:00,606.8900146484375,608.1300048828125,600.0499877929688,600.77001953125,50788500,0.0,0.0,0.0,SPY,,4.596071428571428,4.33
2025-02-10 00:00:00-05:00,604.030029296875,605.5,602.739990234375,604.8499755859375,26048700,0.0,0.0,0.0,SPY,,4.596071428571428,4.33
2025-02-11 00:00:00-05:00,602.5499877929688,605.8599853515625,602.4299926757812,605.3099975585938,30056700,0.0,0.0,0.0,SPY,,4.596071428571428,4.33
2025-02-12 00:00:00-05:00,599.2000122070312,604.5499877929688,598.510009765625,603.3599853515625,45076100,0.0,0.0,0.0,SPY,,4.596071428571428,4.33
2025-02-13 00:00:00-05:00,604.47998046875,609.9400024414062,603.2000122070312,609.72998046875,40177754,0.0,0.0,0.0,SPY,,4.596071428571428,4.33
2024-02-14 00:00:00-05:00,184.44906062504626,184.65806518525375,181.58259087415234,183.2845458984375,54630500,0.0,0.0,,AAPL,29179.06925,4.207959999999999,5.1433333333333335
2024-02-15 00:00:00-05:00,182.68738521978767,183.62296999377594,180.4977274519665,182.9959259033203,65434500,0.0,0.0,,AAPL,29179.06925,4.207959999999999,5.1433333333333335
2024-02-16 00:00:00-05:00,182.5579699194549,183.981257173353,180.81619448303394,181.45318603515625,49701400,0.0,0.0,,AAPL,29179.06925,4.207959999999999,5.1433333333333335
2024-02-20 00:00:00-05:00,180.93564089848354,181.5726325042779,179.15405998428736,180.70672607421875,53665600,0.0,0.0,,AAPL,29179.06925,4.207959999999999,5.1433333333333335
2024-02-21 00:00:00-05:00,181.08496152111414,182.03049388623003,179.81097819372195,181.4631805419922,41529700,0.0,0.0,,AAPL,29179.06925,4.207959999999999,5.1433333333333335
2024-02-22 00:00:00-05:00,182.6177232415446,184.09077884972692,181.60252771208349,183.5035400390625,52292200,0.0,0.0,,AAPL,29179.06925,4.207959999999999,5.1433333333333335
2024-02-23 00:00:00-05:00,184.1405042298665,184.17036202409395,181.37357059288817,181.66221618652344,45119700,0.0,0.0,,AAPL,29179.06925,4.207959999999999,5.1433333333333335
2024-02-26 00:00:00-05:00,181.38353517321784,181.90108040317875,179.8009961275691,180.30860900878906,40867400,0.0,0.0,,AAPL,29179.06925,4.207959999999999,5.1433333333333335
2024-02-27 00:00:00-05:00,180.24888975946536,183.05562869813585,178.71611879819,181.77169799804688,54318900,0.0,0.0,,AAPL,29179.06925,4.207959999999999,5.1433333333333335
2024-02-28 00:00:00-05:00,181.65227187035535,182.25940572629614,179.28346722817705,180.56739807128906,48953900,0.0,0.0,,AAPL,29179.06925,4.207959999999999,5.1433333333333335
2024-02-29 00:00:00-05:00,180.41810366151438,181.71199718953457,178.6862755375109,179.90054321289062,136682600,0.0,0.0,,AAPL,29179.06925,4.207959999999999,5.1433333333333335
2024-03-01 00:00:00-05:00,178.70617492699984,179.68156498512658,176.54637506189474,178.81565856933594,73488000,0.0,0.0,,AAPL,29179.06925,4.207959999999999,5.1433333333333335
2024-03-04 00:00:00-05:00,175.3221528407019,176.0686281128373,172.9732433768994,174.277099609375,81510100,0.0,0.0,,AAPL,29179.06925,4.207959999999999,5.1433333333333335
2024-03-05 00:00:00-05:00,169.9574719243141,171.23145507958293,168.82283020205665,169.3204803466797,95132400,0.0,0.0,,AAPL,29179.06925,4.207959999999999,5.1433333333333335
2024-03-06 00:00:00-05:00,170.256065044738,170.43522699407845,167.88724549652,168.32518005371094,68587700,0.0,0.0,,AAPL,29179.06925,4.207959999999999,5.1433333333333335
2024-03-07 00:00:00-05:00,168.35503848083317,169.92761476617306,167.6981518296525,168.20574951171875,71765100,0.0,0.0,,AAPL,29179.06925,4.207959999999999,5.1433333333333335
2024-03-08 00:00:00-05:00,168.20576217934803,172.8836708711805,168.14604658720506,169.92762756347656,76114600,0.0,0.0,,AAPL,29179.06925,4.207959999999999,5.1433333333333335
2024-03-11 00:00:00-04:00,172.12725037151972,173.56048535052068,171.2414336396481,171.93814086914062,60139500,0.0,0.0,,AAPL,29179.06925,4.207959999999999,5.1433333333333335
2024-03-12 00:00:00-04:00,172.3362371923594,173.2121062975323,170.20629520329734,172.41586303710938,59825400,0.0,0.0,,AAPL,29179.06925,4.207959999999999,5.1433333333333335
2024-03-13 00:00:00-04:00,171.9580519129805,172.37607625258147,169.95748841772314,170.3257598876953,52488700,0.0,0.0,,AAPL,29179.06925,4.207959999999999,5.1433333333333335
2024-03-14 00:00:00-04:00,172.0973925529764,173.49080701178275,171.2414336176872,172.1869659423828,72913500,0.0,0.0,,AAPL,29179.06925,4.207959999999999,5.1433333333333335
2024-03-15 00:00:00-04:00,170.36554869703198,171.80873107910156,169.4896795825833,171.80873107910156,121664700,0.0,0.0,,AAPL,29179.06925,4.207959999999999,5.1433333333333335
2024-03-18 00:00:00-04:00,174.7448914522954,176.87483361469177,172.70452267737835,172.90357971191406,75604200,0.0,0.0,,AAPL,29179.06925,4.207959999999999,5.1433333333333335
2024-03-19 00:00:00-04:00,173.52065910891577,175.77999515234478,172.2168180823409,175.2524871826172,55215200,0.0,0.0,,AAPL,29179.06925,4.207959999999999,5.1433333333333335
2024-03-20 00:00:00-04:00,174.89417408943874,177.83030700683594,174.2671300256647,177.83030700683594,53423100,0.0,0.0,,AAPL,29179.06925,4.207959999999999,5.1433333333333335
2024-03-21 00:00:00-04:00,176.21791925324277,176.65585381045534,170.037097774542,170.56460571289062,106181300,0.0,0.0,,AAPL,29179.06925,4.207959999999999,5.1433333333333335
2024-03-22 00:00:00-04:00,170.95279171103329,172.23673773536032,169.26078406375387,171.47035217285156,71106600,0.0,0.0,,AAPL,29179.06925,4.207959999999999,5.1433333333333335
2024-03-25 00:00:00-04:00,169.76839047714014,171.13194711675717,168.65364374159117,170.0470733642578,54288300,0.0,0.0,,AAPL,29179.06925,4.207959999999999,5.1433333333333335
2024-03-26 00:00:00-04:00,169.20106023000122,170.61438491064948,168.78303590364706,168.9124298095703,57388400,0.0,0.0,,AAPL,29179.06925,4.207959999999999,5.1433333333333335
2024-03-27 00:00:00-04:00,169.60914876354798,172.78415954350993,169.31055559917013,172.49551391601562,60273300,0.0,0.0,,AAPL,29179.06925,4.207959999999999,5.1433333333333335
2024-03-28 00:00:00-04:00,170.94283813483634,171.4205780589011,169.70866021166748,170.67410278320312,65672700,0.0,0.0,,AAPL,29179.06925,4.207959999999999,5.1433333333333335
2024-04-01 00:00:00-04:00,170.38546326457012,170.4451788535061,168.68349304450714,169.2309112548828,46240500,0.0,0.0,,AAPL,29179.06925,4.207959999999999,5.1433333333333335
2024-04-02 00:00:00-04:00,168.28538634231538,168.54415896803064,167.43937496323824,168.0465087890625,49329500,0.0,0.0,,AAPL,29179.06925,4.207959999999999,5.1433333333333335
2024-04-03 00:00:00-04:00,167.99673277562965,169.8778497555363,167.78772821512752,168.85269165039062,47691700,0.0,0.0,,AAPL,29179.06925,4.207959999999999,5.1433333333333335
2024-04-04 00:00:00-04:00,169.48968886138192,171.11203328162168,168.026611328125,168.026611328125,53704400,0.0,0.0,,AAPL,29179.06925,4.207959999999999,5.1433333333333335
2024-04-05 00:00:00-04:00,168.79298281447828,169.5892261323792,168.15599119757314,168.7830352783203,42055200,0.0,0.0,,AAPL,29179.06925,4.207959999999999,5.1433333333333335
2024-04-08 00:00:00-04:00,168.23561647794648,168.40481571452685,167.4493358859462,167.65834045410156,37425500,0.0,0.0,,AAPL,29179.06925,4.207959999999999,5.1433333333333335
2024-04-09 00:00:00-04:00,167.90717701117094,169.2806964440478,167.55883097808936,168.87261962890625,42451200,0.0,0.0,,AAPL,29179.06925,4.207959999999999,5.1433333333333335
2024-04-10 00:00:00-04:00,168.00671152069506,168.29534195603523,166.3246514051182,166.9915008544922,49709300,0.0,0.0,,AAPL,29179.06925,4.207959999999999,5.1433333333333335
2024-04-11 00:00:00-04:00,167.5488670137579,174.63541624491384,167.36972023014152,174.21737670898438,91070300,0.0,0.0,,AAPL,29179.06925,4.207959999999999,5.1433333333333335
2024-04-12 00:00:00-04:00,173.44102962389059,177.52176704196785,173.39127675717174,175.72027587890625,101593300,0.0,0.0,,AAPL,29179.06925,4.207959999999999,5.1433333333333335
2024-04-15 00:00:00-04:00,174.53585255667426,175.7998881273465,171.68929323241036,171.87840270996094,73531800,0.0,0.0,,AAPL,29179.06925,4.207959999999999,5.1433333333333335
2024-04-16 00:00:00-04:00,170.94285690412892,172.94340539530876,167.47921549696915,168.58399963378906,73711200,0.0,0.0,,AAPL,29179.06925,4.207959999999999,5.1433333333333335
2024-04-17 00:00:00-04:00,168.81289870293196,169.84800441976404,167.21046447753906,167.21046447753906,50901200,0.0,0.0,,AAPL,29179.06925,4.207959999999999,5.1433333333333335
2024-04-18 00:00:00-04:00,167.24029654336022,167.84743029154777,165.76725645436014,166.25494384765625,43122900,0.0,0.0,,AAPL,29179.06925,4.207959999999999,5.1433333333333335
2024-04-19 00:00:00-04:00,165.42888374733738,165.6179780634261,163.3088890664717,164.2245635986328,67772100,0.0,0.0,,AAPL,29179.06925,4.207959999999999,5.1433333333333335
2024-04-22 00:00:00-04:00,164.74211969252124,166.47393259764522,163.9956444231876,165.06060791015625,48116400,0.0,0.0,,AAPL,29179.06925,4.207959999999999,5.1433333333333335
2024-04-23 00:00:00-04:00,164.57291251221173,166.26492000363532,164.14492548116624,166.11561584472656,49537800,0.0,0.0,,AAPL,29179.06925,4.207959999999999,5.1433333333333335
2024-04-24 00:00:00-04:00,165.75732156896873,168.50436038665487,165.4288858023208,168.22567749023438,48251800,0.0,0.0,,AAPL,29179.06925,4.207959999999999,5.1433333333333335
2024-04-25 00:00:00-04:00,168.73327450279362,169.80820075027214,167.3597550998357,169.09158325195312,50558300,0.0,0.0,,AAPL,29179.06925,4.207959999999999,5.1433333333333335
2024-04-26 00:00:00-04:00,169.081624768213,170.53475474394267,168.38490238817732,168.5043487548828,44838400,0.0,0.0,,AAPL,29179.06925,4.207959999999999,5.1433333333333335
2024-04-29 00:00:00-04:00,172.55520693212748,175.20270935632288,172.28648678772151,172.68460083007812,68169400,0.0,0.0,,AAPL,29179.06925,4.207959999999999,5.1433333333333335
2024-04-30 00:00:00-04:00,172.51541154910535,174.1676137755898,169.20105955998108,169.52951049804688,65934800,0.0,0.0,,AAPL,29179.06925,4.207959999999999,5.1433333333333335
2024-05-01 00:00:00-04:00,168.78303163206596,171.89832652202932,168.31523926242042,168.5043487548828,50383100,0.0,0.0,,AAPL,29179.06925,4.207959999999999,5.1433333333333335
2024-05-02 00:00:00-04:00,171.69926693100732,172.6049939419865,170.08688513916925,172.21682739257812,94214900,0.0,0.0,,AAPL,29179.06925,4.207959999999999,5.1433333333333335
2024-05-03 00:00:00-04:00,185.7727942523785,186.12115543095717,181.80155578938326,182.51817321777344,163224100,0.0,0.0,,AAPL,29179.06925,4.207959999999999,5.1433333333333335
2024-05-06 00:00:00-04:00,181.4930249418685,183.3343214775735,179.5720873686165,180.8560333251953,78569700,0.0,0.0,,AAPL,29179.06925,4.207959999999999,5.1433333333333335
2024-05-07 00:00:00-04:00,182.58785409480518,184.0310366275269,180.46787458450643,181.54278564453125,77305800,0.0,0.0,,AAPL,29179.06925,4.207959999999999,5.1433333333333335
2024-05-08 00:00:00-04:00,181.9906634485607,182.20963072654146,180.5972339353124,181.8811798095703,45057100,0.0,0.0,,AAPL,29179.06925,4.207959999999999,5.1433333333333335
2024-05-09 00:00:00-04:00,181.70204263297254,183.792179594264,181.2541604804327,183.70260620117188,48983000,0.0,0.0,,AAPL,29179.06925,4.207959999999999,5.1433333333333335
2024-05-10 00:00:00-04:00,184.28063783698332,184.47000383075684,181.51992740382525,182.4368438720703,50759500,0.25,0.0,,AAPL,29179.06925,4.207959999999999,5.1433333333333335
2024-05-13 00:00:00-04:00,184.8188233059542,186.47326635748277,184.0015628078464,185.656005859375,72044800,0.0,0.0,,AAPL,29179.06925,4.207959999999999,5.1433333333333335
2024-05-14 00:00:00-04:00,186.8819036535792,187.66926595480425,185.6659889969534,186.8021697998047,52393600,0.0,0.0,,AAPL,29179.06925,4.207959999999999,5.1433333333333335
2024-05-15 00:00:00-04:00,187.28056849688068,190.0113806876588,186.74236879853999,189.08450317382812,70400000,0.0,0.0,,AAPL,29179.06925,4.207959999999999,5.1433333333333335
2024-05-16 00:00:00-04:00,189.83199615864385,190.45989075478766,189.02471179656044,189.2041015625,52845200,0.0,0.0,,AAPL,29179.06925,4.207959999999999,5.1433333333333335
2024-05-17 00:00:00-04:00,188.87519880271202,190.17084727488813,188.54630236847427,189.23399353027344,41282900,0.0,0.0,,AAPL,29179.06925,4.207959999999999,5.1433333333333335
2024-05-20 00:00:00-04:00,188.69582178398366,191.27714266640717,188.37688635675946,190.40008544921875,44361300,0.0,0.0,,AAPL,29179.06925,4.207959999999999,5.1433333333333335
2024-05-21 00:00:00-04:00,190.44991454290118,192.08442053272114,190.28048580582154,191.70570373535156,42309400,0.0,0.0,,AAPL,29179.06925,4.207959999999999,5.1433333333333335
2024-05-22 00:00:00-04:00,191.625965130265,192.17412585880137,189.63266445026173,190.2605438232422,34648500,0.0,0.0,,AAPL,29179.06925,4.207959999999999,5.1433333333333335
2024-05-23 00:00:00-04:00,190.34027016979292,190.36020743395642,186.0048504863481,186.25401306152344,51005900,0.0,0.0,,AAPL,29179.06925,4.207959999999999,5.1433333333333335
2024-05-24 00:00:00-04:00,188.1875250894915,189.94162421863646,187.41012383078694,189.3436279296875,36294600,0.0,0.0,,AAPL,29179.06925,4.207959999999999,5.1433333333333335
2024-05-28 00:00:00-04:00,190.86848939299406,192.35350378297326,188.46657377923762,189.3535919189453,52280100,0.0,0.0,,AAPL,29179.06925,4.207959999999999,5.1433333333333335
2024-05-29 00:00:00-04:00,188.97487295416659,191.6060292626522,188.8752018363686,189.652587890625,53068000,0.0,0.0,,AAPL,29179.06925,4.207959999999999,5.1433333333333335
2024-05-30 00:00:00-04:00,190.12102272627732,191.53626445370173,189.99146851693155,190.6492462158203,49947900,0.0,0.0,,AAPL,29179.06925,4.207959999999999,5.1433333333333335
2024-05-31 00:00:00-04:00,190.79873376551856,191.92495345858123,189.2738600399137,191.60601806640625,75158300,0.0,0.0,,AAPL,29179.06925,4.207959999999999,5.1433333333333335
2024-06-03 00:00:00-04:00,192.25384615761888,194.33685694398167,191.8751293663799,193.38006591796875,50080500,0.0,0.0,,AAPL,29179.06925,4.207959999999999,5.1433333333333335
2024-06-04 00:00:00-04:00,193.98801176077237,194.66574186569684,192.38340418619828,193.69898986816406,47471400,0.0,0.0,,AAPL,29179.06925,4.207959999999999,5.1433333333333335
2024-06-05 00:00:00-04:00,194.74547082752238,196.24044634116564,194.2172473626493,195.21389770507812,54156800,0.0,0.0,,AAPL,29179.06925,4.207959999999999,5.1433333333333335
2024-06-06 00:00:00-04:00,195.0345211925245,195.84180559150522,193.51960831096955,193.8285675048828,41181800,0.0,0.0,,AAPL,29179.06925,4.207959999999999,5.1433333333333335
2024-06-07 00:00:00-04:00,193.99796669662618,196.28030430445062,193.48968053965237,196.23046875,53103900,0.0,0.0,,AAPL,29179.06925,4.207959999999999,5.1433333333333335
2024-06-10 00:00:00-04:00,196.2404356269631,196.63910486677477,191.50634675889475,192.4730987548828,97262100,0.0,0.0,,AAPL,29179.06925,4.207959999999999,5.1433333333333335
2024-06-11 00:00:00-04:00,193.00133588013964,206.46609195915696,192.9814138224934,206.45611572265625,172373300,0.0,0.0,,AAPL,29179.06925,4.207959999999999,5.1433333333333335
2024-06-12 00:00:00-04:00,206.67538853844061,219.46241499269527,206.20696163392407,212.35630798339844,198134300,0.0,0.0,,AAPL,29179.06925,4.207959999999999,5.1433333333333335
2024-06-13 00:00:00-04:00,214.02069454325613,216.02395620562416,210.89121315624297,213.52236938476562,97862700,0.0,0.0,,AAPL,29179.06925,4.207959999999999,5.1433333333333335
2024-06-14 00:00:00-04:00,213.13367378271622,214.44924427717243,210.59221246372425,211.77822875976562,70122700,0.0,0.0,,AAPL,29179.06925,4.207959999999999,5.1433333333333335
2024-06-17 00:00:00-04:00,212.65527993528355,218.21659070332575,212.0074632920053,215.94422912597656,93728300,0.0,0.0,,AAPL,29179.06925,4.207959999999999,5.1433333333333335
2024-06-18 00:00:00-04:00,216.86113841241473,217.89766325641614,212.28651711595563,213.5721893310547,79943300,0.0,0.0,,AAPL,29179.06925,4.207959999999999,5.1433333333333335
2024-06-20 00:00:00-04:00,213.21339445126264,213.5223688231627,208.1504242370716,208.97763061523438,86172500,0.0,0.0,,AAPL,29179.06925,4.207959999999999,5.1433333333333335
2024-06-21 00:00:00-04:00,209.6852627905662,211.18023828891836,206.41625091745033,206.79498291015625,246421400,0.0,0.0,,AAPL,29179.06925,4.207959999999999,5.1433333333333335
2024-06-24 00:00:00-04:00,207.02421872275744,211.9875333707341,205.89799892378585,207.44281005859375,80727000,0.0,0.0,,AAPL,29179.06925,4.207959999999999,5.1433333333333335
2024-06-25 00:00:00-04:00,208.44940858434205,210.67194975002218,207.91122410230182,208.36968994140625,56713900,0.0,0.0,,AAPL,29179.06925,4.207959999999999,5.1433333333333335
2024-06-26 00:00:00-04:00,210.79155216910215,214.1402980033581,209.9344322470105,212.5356903076172,66213200,0.0,0.0,,AAPL,29179.06925,4.207959999999999,5.1433333333333335
2024-06-27 00:00:00-04:00,213.97087836680484,215.01736433595826,211.63872006367095,213.3828582763672,49772700,0.0,0.0,,AAPL,29179.06925,4.207959999999999,5.1433333333333335
2024-06-28 00:00:00-04:00,215.0472324898511,215.34623061165473,209.5955543096767,209.9144744873047,82542700,0.0,0.0,,AAPL,29179.06925,4.207959999999999,5.1433333333333335
2024-07-01 00:00:00-04:00,211.37956216985054,216.78140506529675,211.2101334408119,216.02395629882812,60402900,0.0,0.0,,AAPL,29179.06925,4.207959999999999,5.1433333333333335
2024-07-02 00:00:00-04:00,215.42595595595571,219.64179766849512,214.3794853085834,219.53216552734375,58046200,0.0,0.0,,AAPL,29179.06925,4.207959999999999,5.1433333333333335
2024-07-03 00:00:00-04:00,219.26308073535034,220.80789184570312,218.29632866276663,220.80789184570312,37369800,0.0,0.0,,AAPL,29179.06925,4.207959999999999,5.1433333333333335
2024-07-05 00:00:00-04:00,220.90754038733803,225.69146503075916,220.90754038733803,225.5818328857422,60412400,0.0,0.0,,AAPL,29179.06925,4.207959999999999,5.1433333333333335
2024-07-08 00:00:00-04:00,226.32931907748747,227.08678305881674,222.50218547217585,227.056884765625,59085900,0.0,0.0,,AAPL,29179.06925,4.207959999999999,5.1433333333333335
2024-07-09 00:00:00-04:00,227.1664984715379,228.631575647805,225.6117264169712,227.9139862060547,48076100,0.0,0.0,,AAPL,29179.06925,4.207959999999999,5.1433333333333335
2024-07-10 00:00:00-04:00,228.5319341376685,232.29927134034506,228.48209857735924,232.19960021972656,62627700,0.0,0.0,,AAPL,29179.06925,4.207959999999999,5.1433333333333335
2024-07-11 00:00:00-04:00,230.61492037011672,231.61157070495582,225.01375035477759,226.80772399902344,64710600,0.0,0.0,,AAPL,29179.06925,4.207959999999999,5.1433333333333335
2024-07-12 00:00:00-04:00,228.1531925563972,231.86073301422448,227.91399100155513,229.76776123046875,53046500,0.0,0.0,,AAPL,29179.06925,4.207959999999999,5.1433333333333335
2024-07-15 00:00:00-04:00,235.68787221439834,236.43535998230433,232.3092281117703,233.61483764648438,62631300,0.0,0.0,,AAPL,29179.06925,4.207959999999999,5.1433333333333335
2024-07-16 00:00:00-04:00,234.2128217621178,235.47857190808813,231.55176727169922,234.03343200683594,43234300,0.0,0.0,,AAPL,29179.06925,4.207959999999999,5.1433333333333335
2024-07-17 00:00:00-04:00,228.68140979310064,230.68468664215072,225.88082486496336,228.1133270263672,57345900,0.0,0.0,,AAPL,29179.06925,4.207959999999999,5.1433333333333335
2024-07-18 00:00:00-04:00,229.50865061099643,229.66811832325195,221.52548646122014,223.4290771484375,66034600,0.0,0.0,,AAPL,29179.06925,4.207959999999999,5.1433333333333335
2024-07-19 00:00:00-04:00,224.06692564873424,226.04028896611686,222.5320756847993,223.55862426757812,49151500,0.0,0.0,,AAPL,29179.06925,4.207959999999999,5.1433333333333335
2024-07-22 00:00:00-04:00,226.24957960487185,227.01700459563804,222.34271224556252,223.20980834960938,48201800,0.0,0.0,,AAPL,29179.06925,4.207959999999999,5.1433333333333335
2024-07-23 00:00:00-04:00,223.61843101438217,226.17982967750157,221.93408951337017,224.25628662109375,39960300,0.0,0.0,,AAPL,29179.06925,4.207959999999999,5.1433333333333335
2024-07-24 00:00:00-04:00,223.24968592545983,224.04700927387208,216.40270265661363,217.80796813964844,61777600,0.0,0.0,,AAPL,29179.06925,4.207959999999999,5.1433333333333335
2024-07-25 00:00:00-04:00,218.19665359620475,220.11023564894725,213.9010930254534,216.76148986816406,51391200,0.0,0.0,,AAPL,29179.06925,4.207959999999999,5.1433333333333335
2024-07-26 00:00:00-04:00,217.96741565742542,218.75477790382115,215.2864239407029,217.2299041748047,41601300,0.0,0.0,,AAPL,29179.06925,4.207959999999999,5.1433333333333335
2024-07-29 00:00:00-04:00,216.23326096996,218.5654190781,215.0273073866339,217.50897216796875,36311800,0.0,0.0,,AAPL,29179.06925,4.207959999999999,5.1433333333333335
2024-07-30 00:00:00-04:00,218.45578591171193,219.59196666736065,215.3960621319004,218.0670928955078,41643800,0.0,0.0,,AAPL,29179.06925,4.207959999999999,5.1433333333333335
2024-07-31 00:00:00-04:00,220.6982497488722,223.07028238181744,219.89096542123676,221.3361053466797,50036300,0.0,0.0,,AAPL,29179.06925,4.207959999999999,5.1433333333333335
2024-08-01 00:00:00-04:00,223.61843367222977,223.72806581879624,216.29306274041448,217.62857055664062,62501000,0.0,0.0,,AAPL,29179.06925,4.207959999999999,5.1433333333333335
2024-08-02 00:00:00-04:00,218.41592196270943,224.84432899946665,216.98075820790513,219.12355041503906,105568600,0.0,0.0,,AAPL,29179.06925,4.207959999999999,5.1433333333333335
2024-08-05 00:00:00-04:00,198.42310739676375,212.7848420736874,195.34346157584417,208.5690155029297,119548600,0.0,0.0,,AAPL,29179.06925,4.207959999999999,5.1433333333333335
2024-08-06 00:00:00-04:00,204.612330181792,209.28662299148326,200.39650324752455,206.53585815429688,69660500,0.0,0.0,,AAPL,29179.06925,4.207959999999999,5.1433333333333335
2024-08-07 00:00:00-04:00,206.2069550428707,212.9243839975228,205.69866882998738,209.1171875,63516400,0.0,0.0,,AAPL,29179.06925,4.207959999999999,5.1433333333333335
2024-08-08 00:00:00-04:00,212.39614722358988,213.4824924067945,208.13048513245963,212.59547424316406,47161100,0.0,0.0,,AAPL,29179.06925,4.207959999999999,5.1433333333333335
2024-08-09 00:00:00-04:00,211.38955402452135,216.05387055494424,211.259984607228,215.51568603515625,42201600,0.0,0.0,,AAPL,29179.06925,4.207959999999999,5.1433333333333335
2024-08-12 00:00:00-04:00,215.59550663031672,219.02793942662467,215.12653755613,217.0522918701172,38028100,0.25,0.0,,AAPL,29179.06925,4.207959999999999,5.1433333333333335
2024-08-13 00:00:00-04:00,218.52902632127157,221.40270642093424,218.52902632127157,220.78407287597656,44155300,0.0,0.0,,AAPL,29179.06925,4.207959999999999,5.1433333333333335
2024-08-14 00:00:00-04:00,220.08562480803565,222.54021400164925,219.21752501736546,221.23309326171875,41960600,0.0,0.0,,AAPL,29179.06925,4.207959999999999,5.1433333333333335
2024-08-15 00:00:00-04:00,224.10676986474735,224.8551228159093,222.27079905335071,224.22650146484375,46414000,0.0,0.0,,AAPL,29179.06925,4.207959999999999,5.1433333333333335
2024-08-16 00:00:00-04:00,223.42826155403992,226.33187474025672,223.15885022096822,225.5535888671875,44340200,0.0,0.0,,AAPL,29179.06925,4.207959999999999,5.1433333333333335
2024-08-19 00:00:00-04:00,225.2243113108782,225.4937226434457,222.5501887780633,225.39393615722656,40687800,0.0,0.0,,AAPL,29179.06925,4.207959999999999,5.1433333333333335
2024-08-20 00:00:00-04:00,225.27420804373648,226.6711275207631,224.95490346311303,226.0125732421875,30299000,0.0,0.0,,AAPL,29179.06925,4.207959999999999,5.1433333333333335
2024-08-21 00:00:00-04:00,226.02254833732334,227.47933353511345,224.5557753561492,225.90280151367188,34765500,0.0,0.0,,AAPL,29179.06925,4.207959999999999,5.1433333333333335
2024-08-22 00:00:00-04:00,227.28976176117078,227.8385569948794,223.4083048904395,224.03692626953125,43695300,0.0,0.0,,AAPL,29179.06925,4.207959999999999,5.1433333333333335
2024-08-23 00:00:00-04:00,225.16444130741013,227.7188169640382,223.83736023691762,226.3418426513672,38677300,0.0,0.0,,AAPL,29179.06925,4.207959999999999,5.1433333333333335
2024-08-26 00:00:00-04:00,226.2620154817008,226.7808777924977,223.39832305195915,226.68109130859375,30602200,0.0,0.0,,AAPL,29179.06925,4.207959999999999,5.1433333333333335
2024-08-27 00:00:00-04:00,225.5036798955901,228.3474270817302,224.39611696496783,227.5292205810547,35934600,0.0,0.0,,AAPL,29179.06925,4.207959999999999,5.1433333333333335
2024-08-28 00:00:00-04:00,227.4194670399241,229.35520907583674,225.18438078371824,225.99261474609375,38052200,0.0,0.0,,AAPL,29179.06925,4.207959999999999,5.1433333333333335
2024-08-29 00:00:00-04:00,229.59470189609323,232.4085012026452,228.37737982242845,229.28536987304688,51906300,0.0,0.0,,AAPL,29179.06925,4.207959999999999,5.1433333333333335
2024-08-30 00:00:00-04:00,229.6844899472923,229.89402024722435,226.98043458769098,228.49710083007812,52990800,0.0,0.0,,AAPL,29179.06925,4.207959999999999,5.1433333333333335
2024-09-03 00:00:00-04:00,228.04808224732741,228.49709095305272,220.68428466242796,222.28077697753906,50190600,0.0,0.0,,AAPL,29179.06925,4.207959999999999,5.1433333333333335
2024-09-04 00:00:00-04:00,221.17322424578342,221.29295584608857,217.0023958735564,220.36500549316406,43840200,0.0,0.0,,AAPL,29179.06925,4.207959999999999,5.1433333333333335
2024-09-05 00:00:00-04:00,221.14327916881817,224.98481497811864,221.03352013282222,221.89163208007812,36615400,0.0,0.0,,AAPL,29179.06925,4.207959999999999,5.1433333333333335
2024-09-06 00:00:00-04:00,223.4581991238727,224.74537478911404,219.28738577978086,220.3350830078125,48423000,0.0,0.0,,AAPL,29179.06925,4.207959999999999,5.1433333333333335
2024-09-09 00:00:00-04:00,220.33506702469683,220.7840757397734,216.23409233980902,220.42486572265625,67180000,0.0,0.0,,AAPL,29179.06925,4.207959999999999,5.1433333333333335
2024-09-10 00:00:00-04:00,218.4392435287618,220.99361925876318,216.25405039598212,219.6266326904297,51591000,0.0,0.0,,AAPL,29179.06925,4.207959999999999,5.1433333333333335
2024-09-11 00:00:00-04:00,220.9736588702828,222.6000688776049,217.4114916314568,222.1710205078125,44587100,0.0,0.0,,AAPL,29179.06925,4.207959999999999,5.1433333333333335
2024-09-12 00:00:00-04:00,222.01136566399225,223.059062794204,219.33725854525207,222.28077697753906,37498200,0.0,0.0,,AAPL,29179.06925,4.207959999999999,5.1433333333333335
2024-09-13 00:00:00-04:00,223.08901316997165,223.5479944694599,221.42268236911949,222.01138305664062,36766600,0.0,0.0,,AAPL,29179.06925,4.207959999999999,5.1433333333333335
2024-09-16 00:00:00-04:00,216.0644583037111,216.74297289953918,213.4502168549942,215.84495544433594,59357400,0.0,0.0,,AAPL,29179.06925,4.207959999999999,5.1433333333333335
2024-09-17 00:00:00-04:00,215.27619443719672,216.42366284814068,214.02893954474482,216.31390380859375,45519300,0.0,0.0,,AAPL,29179.06925,4.207959999999999,5.1433333333333335
2024-09-18 00:00:00-04:00,217.07224903728172,222.22092099435915,217.06226125375574,220.20535278320312,59894900,0.0,0.0,,AAPL,29179.06925,4.207959999999999,5.1433333333333335
2024-09-19 00:00:00-04:00,224.49591687958383,229.31531179988679,224.1367068474718,228.3673858642578,66781300,0.0,0.0,,AAPL,29179.06925,4.207959999999999,5.1433333333333335
2024-09-20 00:00:00-04:00,229.46496974860833,232.57811312113958,227.12012443578536,227.6988525390625,318679900,0.0,0.0,,AAPL,29179.06925,4.207959999999999,5.1433333333333335
2024-09-23 00:00:00-04:00,226.8407407931877,228.94610768522742,225.31410200503296,225.97265625,54146000,0.0,0.0,,AAPL,29179.06925,4.207959999999999,5.1433333333333335
2024-09-24 00:00:00-04:00,228.14786961487798,228.8463445678705,225.2342838755063,226.8706817626953,43556100,0.0,0.0,,AAPL,29179.06925,4.207959999999999,5.1433333333333335
2024-09-25 00:00:00-04:00,224.43603888049125,226.79085685048213,223.52804884217394,225.8728790283203,42308700,0.0,0.0,,AAPL,29179.06925,4.207959999999999,5.1433333333333335
2024-09-26 00:00:00-04:00,226.80083714120576,227.99819881641105,224.9149883158055,227.02035522460938,36636700,0.0,0.0,,AAPL,29179.06925,4.207959999999999,5.1433333333333335
2024-09-27 00:00:00-04:00,227.9582911728241,229.01596089620384,226.80083496693393,227.2897491455078,34026000,0.0,0.0,,AAPL,29179.06925,4.207959999999999,5.1433333333333335
2024-09-30 00:00:00-04:00,229.53482055042815,232.4883270263672,229.14567760776433,232.4883270263672,54541900,0.0,0.0,,AAPL,29179.06925,4.207959999999999,5.1433333333333335
2024-10-01 00:00:00-04:00,229.01597026460064,229.14567442683443,223.24866456606327,225.71324157714844,63285000,0.0,0.0,,AAPL,29179.06925,4.207959999999999,5.1433333333333335
2024-10-02 00:00:00-04:00,225.39393750024195,226.8706831083472,222.5302449869956,226.281982421875,32880600,0.0,0.0,,AAPL,29179.06925,4.207959999999999,5.1433333333333335
2024-10-03 00:00:00-04:00,224.64557310138042,226.3119038145279,222.82957789090332,225.17440795898438,34044200,0.0,0.0,,AAPL,29179.06925,4.207959999999999,5.1433333333333335
2024-10-04 00:00:00-04:00,227.39951613756347,227.49930262356304,223.63780617480538,226.30194091796875,37245100,0.0,0.0,,AAPL,29179.06925,4.207959999999999,5.1433333333333335
2024-10-07 00:00:00-04:00,224.0069821228032,225.1943712346882,220.84394549402703,221.20315551757812,39505400,0.0,0.0,,AAPL,29179.06925,4.207959999999999,5.1433333333333335
2024-10-08 00:00:00-04:00,223.80742742544692,225.4837307412941,222.75973024040246,225.27420043945312,31855700,0.0,0.0,,AAPL,29179.06925,4.207959999999999,5.1433333333333335
2024-10-09 00:00:00-04:00,224.73538646570117,229.24546472466872,224.33627096325682,229.03591918945312,33591100,0.0,0.0,,AAPL,29179.06925,4.207959999999999,5.1433333333333335
2024-10-10 00:00:00-04:00,227.27979028338342,228.99601435408132,226.67112924406288,228.53701782226562,28183500,0.0,0.0,,AAPL,29179.06925,4.207959999999999,5.1433333333333335
2024-10-11 00:00:00-04:00,228.79644988971887,228.9062089337624,226.84074743911052,227.05029296875,31759200,0.0,0.0,,AAPL,29179.06925,4.207959999999999,5.1433333333333335
2024-10-14 00:00:00-04:00,228.19775690140833,231.22110160659443,228.09798564307096,230.79205322265625,39882100,0.0,0.0,,AAPL,29179.06925,4.207959999999999,5.1433333333333335
2024-10-15 00:00:00-04:00,233.0969778733182,236.9684620133565,231.85969551276995,233.33645629882812,64751400,0.0,0.0,,AAPL,29179.06925,4.207959999999999,5.1433333333333335
2024-10-16 00:00:00-04:00,231.09139869260778,231.61024577942743,229.33525401328018,231.27099609375,34082200,0.0,0.0,,AAPL,29179.06925,4.207959999999999,5.1433333333333335
2024-10-17 00:00:00-04:00,232.9173703418766,233.3364614020046,230.0137723986246,231.6401824951172,32993800,0.0,0.0,,AAPL,29179.06925,4.207959999999999,5.1433333333333335
2024-10-18 00:00:00-04:00,235.66131853389138,235.66131853389138,233.4960858911256,234.48391723632812,46431500,0.0,0.0,,AAPL,29179.06925,4.207959999999999,5.1433333333333335
2024-10-21 00:00:00-04:00,233.9351372634737,236.32987592195377,233.9351372634737,235.96067810058594,36254500,0.0,0.0,,AAPL,29179.06925,4.207959999999999,5.1433333333333335
2024-10-22 00:00:00-04:00,233.376366009758,235.70125104779564,232.08920560922664,235.342041015625,38846600,0.0,0.0,,AAPL,29179.06925,4.207959999999999,5.1433333333333335
2024-10-23 00:00:00-04:00,233.56595129753524,234.62362105235994,227.25982300232985,230.25323486328125,52287000,0.0,0.0,,AAPL,29179.06925,4.207959999999999,5.1433333333333335
2024-10-24 00:00:00-04:00,229.47495899723685,230.3131259260407,227.90841463888628,230.0636749267578,31109500,0.0,0.0,,AAPL,29179.06925,4.207959999999999,5.1433333333333335
2024-10-25 00:00:00-04:00,229.23547896644118,232.7078323586645,229.0658541264054,230.9018096923828,38802300,0.0,0.0,,AAPL,29179.06925,4.207959999999999,5.1433333333333335
2024-10-28 00:00:00-04:00,232.80762499530724,234.21451699403664,232.03931169048735,232.88743591308594,36087100,0.0,0.0,,AAPL,29179.06925,4.207959999999999,5.1433333333333335
2024-10-29 00:00:00-04:00,232.58810476348472,233.815399347975,231.8098189074392,233.15684509277344,35417200,0.0,0.0,,AAPL,29179.06925,4.207959999999999,5.1433333333333335
2024-10-30 00:00:00-04:00,232.09916306464564,232.95727501758805,229.04588560251634,229.5946807861328,47070900,0.0,0.0,,AAPL,29179.06925,4.207959999999999,5.1433333333333335
2024-10-31 00:00:00-04:00,228.83635490362704,229.325284321648,224.8750719925984,225.4138946533203,64370100,0.0,0.0,,AAPL,29179.06925,4.207959999999999,5.1433333333333335
2024-11-01 00:00:00-04:00,220.48472918772245,224.8551151455125,219.78626950218685,222.42047119140625,65276700,0.0,0.0,,AAPL,29179.06925,4.207959999999999,5.1433333333333335
2024-11-04 00:00:00-05:00,220.5046966292777,222.3007315284092,219.2275088130919,221.52244567871094,44944500,0.0,0.0,,AAPL,29179.06925,4.207959999999999,5.1433333333333335
2024-11-05 00:00:00-05:00,221.31291912362707,223.45819152571042,220.65436486265338,222.95928955078125,28111300,0.0,0.0,,AAPL,29179.06925,4.207959999999999,5.1433333333333335
2024-11-06 00:00:00-05:00,222.12113695305962,225.5735453041769,220.7042571772517,222.23089599609375,54561100,0.0,0.0,,AAPL,29179.06925,4.207959999999999,5.1433333333333335
2024-11-07 00:00:00-05:00,224.13670611072257,227.37956894750107,224.0768403097807,226.98043823242188,42137700,0.0,0.0,,AAPL,29179.06925,4.207959999999999,5.1433333333333335
2024-11-08 00:00:00-05:00,226.92049995960826,228.4088689967903,226.16134014604208,226.7107391357422,38328800,0.25,0.0,,AAPL,29179.06925,4.207959999999999,5.1433333333333335
2024-11-11 00:00:00-05:00,224.7528927426808,225.45212091614073,221.25673663335022,223.98373413085938,42005600,0.0,0.0,,AAPL,29179.06925,4.207959999999999,5.1433333333333335
2024-11-12 00:00:00-05:00,224.30339000560164,225.34224111445195,223.11469448970428,223.98373413085938,40398300,0.0,0.0,,AAPL,29179.06925,4.207959999999999,5.1433333333333335
2024-11-13 00:00:00-05:00,223.76397540644066,226.4010754152989,222.5153482196322,224.8727569580078,48566200,0.0,0.0,,AAPL,29179.06925,4.207959999999999,5.1433333333333335
2024-11-14 00:00:00-05:00,224.77287777547028,228.61864039722624,224.7528954725484,227.9693603515625,44923900,0.0,0.0,,AAPL,29179.06925,4.207959999999999,5.1433333333333335
2024-11-15 00:00:00-05:00,226.15134020310103,226.67077335813082,224.023689933323,224.7528839111328,47923700,0.0,0.0,,AAPL,29179.06925,4.207959999999999,5.1433333333333335
2024-11-18 00:00:00-05:00,225.00261496304853,229.4876892234719,224.92270099550518,227.7695770263672,44686000,0.0,0.0,,AAPL,29179.06925,4.207959999999999,5.1433333333333335
2024-11-19 00:00:00-05:00,226.73070634208972,229.90722171238716,226.41106572007726,228.02928161621094,36211800,0.0,0.0,,AAPL,29179.06925,4.207959999999999,5.1433333333333335
2024-11-20 00:00:00-05:00,227.80951934283004,229.67746064503265,225.64190448211673,228.7484893798828,35169600,0.0,0.0,,AAPL,29179.06925,4.207959999999999,5.1433333333333335
2024-11-21 00:00:00-05:00,228.6286329426038,229.90722593821596,225.46211628612434,228.26902770996094,42108300,0.0,0.0,,AAPL,29179.06925,4.207959999999999,5.1433333333333335
2024-11-22 00:00:00-05:00,227.80952873867182,230.46661102927646,227.80952873867182,229.61753845214844,38168300,0.0,0.0,,AAPL,29179.06925,4.207959999999999,5.1433333333333335
2024-11-25 00:00:00-05:00,231.2058026888721,232.99383009111634,229.48769048234254,232.61424255371094,90152800,0.0,0.0,,AAPL,29179.06925,4.207959999999999,5.1433333333333335
2024-11-26 00:00:00-05:00,233.07373841155265,235.31128373473052,233.07373841155265,234.8018341064453,45986200,0.0,0.0,,AAPL,29179.06925,4.207959999999999,5.1433333333333335
2024-11-27 00:00:00-05:00,234.21249554010248,235.43115689965902,233.55321672420507,234.67198181152344,33498400,0.0,0.0,,AAPL,29179.06925,4.207959999999999,5.1433333333333335
2024-11-29 00:00:00-05:00,234.55211454995276,237.5488197625333,233.71304074851764,237.06935119628906,28481400,0.0,0.0,,AAPL,29179.06925,4.207959999999999,5.1433333333333335
2024-12-02 00:00:00-05:00,237.00941446483552,240.52553753151284,236.89953466637493,239.3268585205078,48137100,0.0,0.0,,AAPL,29179.06925,4.207959999999999,5.1433333333333335
2024-12-03 00:00:00-05:00,239.54662188503684,242.49337894569658,238.6376176509325,242.3834991455078,38861000,0.0,0.0,,AAPL,29179.06925,4.207959999999999,5.1433333333333335
2024-12-04 00:00:00-05:00,242.60325739533934,243.84190102311462,240.9850414761411,242.74310302734375,44383900,0.0,0.0,,AAPL,29179.06925,4.207959999999999,5.1433333333333335
2024-12-05 00:00:00-05:00,243.72204013219255,244.2714238935446,241.86408229295347,242.7730712890625,40033900,0.0,0.0,,AAPL,29179.06925,4.207959999999999,5.1433333333333335
2024-12-06 00:00:00-05:00,242.6432183998472,244.3613305629988,241.8141281502541,242.5732879638672,36870600,0.0,0.0,,AAPL,29179.06925,4.207959999999999,5.1433333333333335
2024-12-09 00:00:00-05:00,241.56440918324205,246.96847124510987,241.48449521514058,246.47900390625,44649200,0.0,0.0,,AAPL,29179.06925,4.207959999999999,5.1433333333333335
2024-12-10 00:00:00-05:00,246.61884065291167,247.93739821602466,245.0705399660552,247.4978790283203,36914800,0.0,0.0,,AAPL,29179.06925,4.207959999999999,5.1433333333333335
2024-12-11 00:00:00-05:00,247.68767076725757,250.52454792031958,245.98952569372008,246.2192840576172,45205800,0.0,0.0,,AAPL,29179.06925,4.207959999999999,5.1433333333333335
2024-12-12 00:00:00-05:00,246.61885092340057,248.46682524629017,245.41017310687806,247.68768310546875,32777500,0.0,0.0,,AAPL,29179.06925,4.207959999999999,5.1433333333333335
2024-12-13 00:00:00-05:00,247.54782582286595,249.01619729452798,245.96955931284188,247.85748291015625,33155300,0.0,0.0,,AAPL,29179.06925,4.207959999999999,5.1433333333333335
2024-12-16 00:00:00-05:00,247.71764416028498,251.10392039685559,247.3780059899919,250.7642822265625,51694800,0.0,0.0,,AAPL,29179.06925,4.207959999999999,5.1433333333333335
2024-12-17 00:00:00-05:00,249.80533943156328,253.5512208135588,249.50566587259755,253.20159912109375,51356400,0.0,0.0,,AAPL,29179.06925,4.207959999999999,5.1433333333333335
2024-12-18 00:00:00-05:00,251.88305927654196,254.0007260278641,247.46791553993853,247.77757263183594,56774100,0.0,0.0,,AAPL,29179.06925,4.207959999999999,5.1433333333333335
2024-12-19 00:00:00-05:00,247.22817727073837,251.72323503929724,246.81862390484895,249.51565551757812,60882300,0.0,0.0,,AAPL,29179.06925,4.207959999999999,5.1433333333333335
2024-12-20 00:00:00-05:00,247.76758181309805,254.71994465608725,245.42017186050566,254.21051025390625,147495300,0.0,0.0,,AAPL,29179.06925,4.207959999999999,5.1433333333333335
2024-12-23 00:00:00-05:00,254.49020366493687,255.36922684225433,253.17164603591402,254.98965454101562,40858800,0.0,0.0,,AAPL,29179.06925,4.207959999999999,5.1433333333333335
2024-12-24 00:00:00-05:00,255.2094124344067,257.92641115938613,255.0096198916901,257.91644287109375,23234700,0.0,0.0,,AAPL,29179.06925,4.207959999999999,5.1433333333333335
2024-12-26 00:00:00-05:00,257.90642916266114,259.81433504408284,257.34704665632455,258.7355041503906,27237100,0.0,0.0,,AAPL,29179.06925,4.207959999999999,5.1433333333333335
2024-12-27 00:00:00-05:00,257.54682582842287,258.41589596104086,252.78207543596488,255.30929565429688,42355300,0.0,0.0,,AAPL,29179.06925,4.207959999999999,5.1433333333333335
2024-12-30 00:00:00-05:00,251.95298524244893,253.22159473829512,250.47461491371794,251.9230194091797,35557500,0.0,0.0,,AAPL,29179.06925,4.207959999999999,5.1433333333333335
2024-12-31 00:00:00-05:00,252.16275955239965,253.00183336212825,249.15605553782555,250.1449737548828,39480700,0.0,0.0,,AAPL,29179.06925,4.207959999999999,5.1433333333333335
2025-01-02 00:00:00-05:00,248.65660659999048,248.826433311358,241.55442975303322,243.5821990966797,55740700,0.0,0.0,,AAPL,,4.596071428571428,4.33
2025-01-03 00:00:00-05:00,243.0927276611328,243.91181916074598,241.624340886356,243.0927276611328,40244100,0.0,0.0,,AAPL,,4.596071428571428,4.33
2025-01-06 00:00:00-05:00,244.04168187374515,247.05836939894766,242.93290033169586,244.73092651367188,45045600,0.0,0.0,,AAPL,,4.596071428571428,4.33
2025-01-07 00:00:00-05:00,242.71314361950866,245.28032844029428,241.08494412707995,241.94400024414062,40856000,0.0,0.0,,AAPL,,4.596071428571428,4.33
2025-01-08 00:00:00-05:00,241.65429905026372,243.44234164075266,239.78635773622742,242.43344116210938,37628900,0.0,0.0,,AAPL,,4.596071428571428,4.33
2025-01-10 00:00:00-05:00,239.7463920626497,239.8962364632009,232.74409661721964,236.58987426757812,61710900,0.0,0.0,,AAPL,,4.596071428571428,4.33
2025-01-13 00:00:00-05:00,233.27352322575203,234.41227060505477,229.46771001708314,234.14256286621094,49630700,0.0,0.0,,AAPL,,4.596071428571428,4.33
2025-01-14 00:00:00-05:00,234.49217517741417,235.8606656353981,232.21468051006943,233.02378845214844,39435300,0.0,0.0,,AAPL,,4.596071428571428,4.33
2025-01-15 00:00:00-05:00,234.38230107288462,238.6975638581554,234.17252500331003,237.60874938964844,39832000,0.0,0.0,,AAPL,,4.596071428571428,4.33
2025-01-16 00:00:00-05:00,237.089336348529,237.74859991927732,227.7795647267042,228.00930786132812,71759100,0.0,0.0,,AAPL,,4.596071428571428,4.33
2025-01-17 00:00:00-05:00,231.86506609768284,232.03487756376998,228.22906438809179,229.7274169921875,68488300,0.0,0.0,,AAPL,,4.596071428571428,4.33
2025-01-21 00:00:00-05:00,223.75398423747347,224.17352112887505,219.13906319002535,222.39547729492188,98070400,0.0,0.0,,AAPL,,4.596071428571428,4.33
2025-01-22 00:00:00-05:00,219.54859611049605,223.87384226456615,219.54859611049605,223.58416748046875,64126500,0.0,0.0,,AAPL,,4.596071428571428,4.33
2025-01-23 00:00:00-05:00,224.493183388126,226.78066167492807,222.05586069453574,223.41436767578125,60234800,0.0,0.0,,AAPL,,4.596071428571428,4.33
2025-01-24 00:00:00-05:00,224.53312753788666,225.38220009721186,221.16683361690275,222.5353240966797,54697900,0.0,0.0,,AAPL,,4.596071428571428,4.33
2025-01-27 00:00:00-05:00,223.77396171163917,231.89502211760887,223.73399710835045,229.6075439453125,94863400,0.0,0.0,,AAPL,,4.596071428571428,4.33
2025-01-28 00:00:00-05:00,230.59647127201654,239.9262098046868,230.55650666713984,237.99832153320312,75707600,0.0,0.0,,AAPL,,4.596071428571428,4.33
2025-01-29 00:00:00-05:00,233.86287156365174,239.5965730646729,233.75299176206667,239.0971221923828,45486100,0.0,0.0,,AAPL,,4.596071428571428,4.33
2025-01-30 00:00:00-05:00,238.40787147181928,240.52553823889048,236.94948349745044,237.3290557861328,55658300,0.0,0.0,,AAPL,,4.596071428571428,4.33
2025-01-31 00:00:00-05:00,246.91852728753366,246.91852728753366,233.18362815459494,235.74081420898438,101075100,0.0,0.0,,AAPL,,4.596071428571428,4.33
2025-02-03 00:00:00-05:00,229.73741895869952,231.5753945205246,225.45212191586603,227.75958251953125,73063300,0.0,0.0,,AAPL,,4.596071428571428,4.33
2025-02-04 00:00:00-05:00,227.00041910872287,232.87396618357337,226.40107197135944,232.54432678222656,45067300,0.0,0.0,,AAPL,,4.596071428571428,4.33
2025-02-05 00:00:00-05:00,228.27901582634638,232.4144684638066,228.0193068583431,232.21469116210938,39620300,0.0,0.0,,AAPL,,4.596071428571428,4.33
2025-02-06 00:00:00-05:00,231.0359788855247,233.54323203112875,230.17692277145878,232.9638671875,29925300,0.0,0.0,,AAPL,,4.596071428571428,4.33
2025-02-07 00:00:00-05:00,232.3445476829273,233.74300400322835,227.0104008794231,227.3800048828125,39707200,0.0,0.0,,AAPL,,4.596071428571428,4.33
2025-02-10 00:00:00-05:00,229.57000732421875,230.58999633789062,227.1999969482422,227.64999389648438,33115600,0.25,0.0,,AAPL,,4.596071428571428,4.33
2025-02-11 00:00:00-05:00,228.1999969482422,235.22999572753906,228.1300048828125,232.6199951171875,53718400,0.0,0.0,,AAPL,,4.596071428571428,4.33
2025-02-12 00:00:00-05:00,231.1999969482422,236.9600067138672,230.67999267578125,236.8699951171875,45243300,0.0,0.0,,AAPL,,4.596071428571428,4.33
2025-02-13 00:00:00-05:00,236.91000366210938,242.33990478515625,235.57000732421875,241.52999877929688,51636277,0.0,0.0,,AAPL,,4.596071428571428,4.33
